"sentiment","day","n","contestant"
"negative","Monday",61,"whitemoney"
"negative","Saturday",16,"whitemoney"
"negative","Sunday",51,"whitemoney"
"negative","Tuesday",63,"whitemoney"
"negative",NA,319,"whitemoney"
"positive","Monday",101,"whitemoney"
"positive","Saturday",32,"whitemoney"
"positive","Sunday",128,"whitemoney"
"positive","Tuesday",93,"whitemoney"
"positive",NA,477,"whitemoney"
"negative","Monday",118,"maria"
"negative","Saturday",1,"maria"
"negative","Sunday",117,"maria"
"negative","Tuesday",218,"maria"
"negative",NA,402,"maria"
"positive","Monday",289,"maria"
"positive","Saturday",1,"maria"
"positive","Sunday",289,"maria"
"positive","Tuesday",351,"maria"
"positive",NA,936,"maria"
"negative","Monday",18,"pere"
"negative","Saturday",8,"pere"
"negative","Sunday",29,"pere"
"negative","Tuesday",11,"pere"
"negative",NA,33,"pere"
"positive","Monday",33,"pere"
"positive","Saturday",13,"pere"
"positive","Sunday",52,"pere"
"positive","Tuesday",32,"pere"
"positive",NA,114,"pere"
"negative","Monday",61,"whitemoney"
"negative","Saturday",16,"whitemoney"
"negative","Sunday",51,"whitemoney"
"negative","Tuesday",63,"whitemoney"
"positive","Monday",101,"whitemoney"
"positive","Saturday",32,"whitemoney"
"positive","Sunday",128,"whitemoney"
"positive","Tuesday",93,"whitemoney"
"negative","Monday",118,"maria"
"negative","Saturday",1,"maria"
"negative","Sunday",117,"maria"
"negative","Tuesday",218,"maria"
"positive","Monday",289,"maria"
"positive","Saturday",1,"maria"
"positive","Sunday",289,"maria"
"positive","Tuesday",351,"maria"
"negative","Monday",18,"pere"
"negative","Saturday",8,"pere"
"negative","Sunday",29,"pere"
"negative","Tuesday",11,"pere"
"positive","Monday",33,"pere"
"positive","Saturday",13,"pere"
"positive","Sunday",52,"pere"
"positive","Tuesday",32,"pere"
"negative","Tuesday",96,"whitemoney"
"positive","Tuesday",157,"whitemoney"
"negative","Tuesday",273,"maria"
"positive","Tuesday",336,"maria"
"negative","Tuesday",110,"pere"
"positive","Tuesday",137,"pere"
"negative","Tuesday",5,"niyi"
"positive","Tuesday",7,"niyi"
"negative","Tuesday",21,"angel"
"positive","Tuesday",157,"angel"
"negative","Tuesday",39,"arin"
"positive","Tuesday",64,"arin"
"negative","Tuesday",4,"boma"
"positive","Tuesday",30,"boma"
"negative","Tuesday",31,"beatrice"
"positive","Tuesday",76,"beatrice"
"negative","Tuesday",20,"cross"
"positive","Tuesday",38,"cross"
"negative","Tuesday",16,"emmanuel"
"positive","Tuesday",34,"emmanuel"
"negative","Tuesday",8,"jackie"
"positive","Tuesday",18,"jackie"
"negative","Tuesday",103,"liquorose"
"positive","Tuesday",180,"liquorose"
"positive","Tuesday",1,"jaypaul"
"negative","Tuesday",37,"nini"
"positive","Tuesday",83,"nini"
"negative","Tuesday",22,"peace"
"positive","Tuesday",65,"peace"
"negative","Tuesday",15,"saga"
"positive","Tuesday",21,"saga"
"negative","Tuesday",6,"sammie"
"positive","Tuesday",35,"sammie"
"negative","Tuesday",6,"saskay"
"positive","Tuesday",26,"saskay"
"negative","Tuesday",6,"tega"
"positive","Tuesday",15,"tega"
"negative","Tuesday",99,"whitemoney"
"positive","Tuesday",160,"whitemoney"
"negative","Tuesday",328,"maria"
"positive","Tuesday",387,"maria"
"negative","Tuesday",177,"pere"
"positive","Tuesday",145,"pere"
"negative","Tuesday",1,"niyi"
"positive","Tuesday",6,"niyi"
"negative","Tuesday",28,"angel"
"positive","Tuesday",150,"angel"
"negative","Tuesday",21,"arin"
"positive","Tuesday",31,"arin"
"negative","Tuesday",11,"boma"
"positive","Tuesday",34,"boma"
"negative","Tuesday",35,"beatrice"
"positive","Tuesday",39,"beatrice"
"negative","Tuesday",22,"cross"
"positive","Tuesday",58,"cross"
"negative","Tuesday",51,"emmanuel"
"positive","Tuesday",63,"emmanuel"
"negative","Tuesday",5,"jackie"
"positive","Tuesday",14,"jackie"
"negative","Tuesday",65,"liquorose"
"positive","Tuesday",140,"liquorose"
"positive","Tuesday",5,"jaypaul"
"negative","Tuesday",25,"nini"
"positive","Tuesday",52,"nini"
"negative","Tuesday",11,"peace"
"positive","Tuesday",52,"peace"
"negative","Tuesday",2,"princess"
"positive","Tuesday",4,"princess"
"negative","Tuesday",8,"saga"
"positive","Tuesday",20,"saga"
"negative","Tuesday",24,"sammie"
"positive","Tuesday",37,"sammie"
"negative","Tuesday",2,"saskay"
"positive","Tuesday",19,"saskay"
"negative","Tuesday",6,"tega"
"positive","Tuesday",12,"tega"
"negative","Tuesday",102,"whitemoney"
"positive","Tuesday",143,"whitemoney"
"negative","Tuesday",389,"maria"
"positive","Tuesday",422,"maria"
"negative","Tuesday",257,"pere"
"positive","Tuesday",264,"pere"
"positive","Tuesday",6,"niyi"
"negative","Tuesday",27,"angel"
"positive","Tuesday",203,"angel"
"negative","Tuesday",20,"arin"
"positive","Tuesday",49,"arin"
"negative","Tuesday",11,"boma"
"positive","Tuesday",35,"boma"
"negative","Tuesday",65,"beatrice"
"positive","Tuesday",55,"beatrice"
"negative","Tuesday",19,"cross"
"positive","Tuesday",61,"cross"
"negative","Tuesday",61,"emmanuel"
"positive","Tuesday",86,"emmanuel"
"negative","Tuesday",17,"jackie"
"positive","Tuesday",17,"jackie"
"negative","Tuesday",64,"liquorose"
"positive","Tuesday",181,"liquorose"
"positive","Tuesday",5,"jaypaul"
"negative","Tuesday",18,"nini"
"positive","Tuesday",37,"nini"
"negative","Tuesday",8,"peace"
"positive","Tuesday",56,"peace"
"negative","Tuesday",5,"princess"
"negative","Tuesday",11,"saga"
"positive","Tuesday",15,"saga"
"negative","Tuesday",11,"sammie"
"positive","Tuesday",20,"sammie"
"negative","Tuesday",6,"saskay"
"positive","Tuesday",14,"saskay"
"negative","Tuesday",33,"tega"
"positive","Tuesday",13,"tega"
"negative","Tuesday",107,"whitemoney"
"positive","Tuesday",144,"whitemoney"
"negative","Tuesday",522,"maria"
"positive","Tuesday",529,"maria"
"negative","Tuesday",264,"pere"
"positive","Tuesday",288,"pere"
"negative","Tuesday",3,"niyi"
"positive","Tuesday",6,"niyi"
"negative","Tuesday",25,"angel"
"positive","Tuesday",167,"angel"
"negative","Tuesday",34,"arin"
"positive","Tuesday",47,"arin"
"negative","Tuesday",12,"boma"
"positive","Tuesday",19,"boma"
"negative","Tuesday",124,"beatrice"
"positive","Tuesday",76,"beatrice"
"negative","Tuesday",25,"cross"
"positive","Tuesday",99,"cross"
"negative","Tuesday",65,"emmanuel"
"positive","Tuesday",78,"emmanuel"
"negative","Tuesday",36,"jackie"
"positive","Tuesday",28,"jackie"
"negative","Tuesday",100,"liquorose"
"positive","Tuesday",213,"liquorose"
"positive","Tuesday",3,"jaypaul"
"negative","Tuesday",18,"nini"
"positive","Tuesday",26,"nini"
"negative","Tuesday",5,"peace"
"positive","Tuesday",53,"peace"
"negative","Tuesday",3,"princess"
"positive","Tuesday",6,"princess"
"negative","Tuesday",23,"saga"
"positive","Tuesday",26,"saga"
"negative","Tuesday",7,"sammie"
"positive","Tuesday",27,"sammie"
"negative","Tuesday",8,"saskay"
"positive","Tuesday",26,"saskay"
"negative","Tuesday",26,"tega"
"positive","Tuesday",16,"tega"
"negative","Tuesday",141,"whitemoney"
"positive","Tuesday",177,"whitemoney"
"negative","Tuesday",317,"maria"
"positive","Tuesday",385,"maria"
"negative","Tuesday",145,"pere"
"positive","Tuesday",146,"pere"
"negative","Tuesday",21,"niyi"
"positive","Tuesday",3,"niyi"
"negative","Tuesday",24,"angel"
"positive","Tuesday",185,"angel"
"negative","Tuesday",20,"arin"
"positive","Tuesday",34,"arin"
"negative","Tuesday",11,"boma"
"positive","Tuesday",20,"boma"
"negative","Tuesday",58,"beatrice"
"positive","Tuesday",55,"beatrice"
"negative","Tuesday",69,"cross"
"positive","Tuesday",219,"cross"
"negative","Tuesday",49,"emmanuel"
"positive","Tuesday",68,"emmanuel"
"negative","Tuesday",29,"jackie"
"positive","Tuesday",23,"jackie"
"negative","Tuesday",86,"liquorose"
"positive","Tuesday",179,"liquorose"
"negative","Tuesday",45,"nini"
"positive","Tuesday",53,"nini"
"negative","Tuesday",11,"peace"
"positive","Tuesday",38,"peace"
"negative","Tuesday",1,"princess"
"positive","Tuesday",3,"princess"
"negative","Tuesday",61,"saga"
"positive","Tuesday",132,"saga"
"negative","Tuesday",2,"sammie"
"positive","Tuesday",14,"sammie"
"negative","Tuesday",6,"saskay"
"positive","Tuesday",18,"saskay"
"negative","Tuesday",4,"tega"
"positive","Tuesday",8,"tega"
"negative","Tuesday",240,"whitemoney"
"positive","Tuesday",470,"whitemoney"
"negative","Tuesday",206,"maria"
"positive","Tuesday",205,"maria"
"negative","Tuesday",119,"pere"
"positive","Tuesday",75,"pere"
"negative","Tuesday",8,"niyi"
"positive","Tuesday",10,"niyi"
"negative","Tuesday",26,"angel"
"positive","Tuesday",156,"angel"
"negative","Tuesday",111,"arin"
"positive","Tuesday",22,"arin"
"negative","Tuesday",26,"boma"
"positive","Tuesday",40,"boma"
"negative","Tuesday",302,"beatrice"
"positive","Tuesday",250,"beatrice"
"negative","Tuesday",86,"cross"
"positive","Tuesday",247,"cross"
"negative","Tuesday",31,"emmanuel"
"positive","Tuesday",24,"emmanuel"
"negative","Tuesday",3,"jackie"
"positive","Tuesday",14,"jackie"
"negative","Tuesday",45,"liquorose"
"positive","Tuesday",94,"liquorose"
"negative","Tuesday",6,"jaypaul"
"positive","Tuesday",6,"jaypaul"
"negative","Tuesday",13,"nini"
"positive","Tuesday",28,"nini"
"negative","Tuesday",1,"peace"
"positive","Tuesday",27,"peace"
"negative","Tuesday",1,"princess"
"positive","Tuesday",2,"princess"
"negative","Tuesday",9,"saga"
"positive","Tuesday",46,"saga"
"negative","Tuesday",4,"sammie"
"positive","Tuesday",16,"sammie"
"negative","Tuesday",160,"saskay"
"positive","Tuesday",162,"saskay"
"negative","Tuesday",3,"tega"
"positive","Tuesday",5,"tega"
"negative","Tuesday",264,"whitemoney"
"positive","Tuesday",409,"whitemoney"
"negative","Tuesday",473,"maria"
"positive","Tuesday",437,"maria"
"negative","Tuesday",176,"pere"
"positive","Tuesday",138,"pere"
"negative","Tuesday",4,"niyi"
"positive","Tuesday",9,"niyi"
"negative","Tuesday",21,"angel"
"positive","Tuesday",107,"angel"
"negative","Tuesday",158,"arin"
"positive","Tuesday",54,"arin"
"negative","Tuesday",59,"boma"
"positive","Tuesday",59,"boma"
"negative","Tuesday",71,"beatrice"
"positive","Tuesday",63,"beatrice"
"negative","Tuesday",56,"cross"
"positive","Tuesday",132,"cross"
"negative","Tuesday",25,"emmanuel"
"positive","Tuesday",38,"emmanuel"
"negative","Tuesday",52,"jackie"
"positive","Tuesday",54,"jackie"
"negative","Tuesday",25,"liquorose"
"positive","Tuesday",101,"liquorose"
"negative","Tuesday",8,"jaypaul"
"positive","Tuesday",10,"jaypaul"
"negative","Tuesday",12,"nini"
"positive","Tuesday",30,"nini"
"negative","Tuesday",1,"peace"
"positive","Tuesday",23,"peace"
"positive","Tuesday",2,"princess"
"negative","Tuesday",7,"saga"
"positive","Tuesday",33,"saga"
"negative","Tuesday",4,"sammie"
"positive","Tuesday",20,"sammie"
"negative","Tuesday",29,"saskay"
"positive","Tuesday",43,"saskay"
"negative","Tuesday",4,"tega"
"positive","Tuesday",3,"tega"
"negative","Tuesday",315,"whitemoney"
"positive","Tuesday",218,"whitemoney"
"negative","Tuesday",452,"maria"
"positive","Tuesday",497,"maria"
"negative","Tuesday",493,"pere"
"positive","Tuesday",351,"pere"
"negative","Tuesday",32,"niyi"
"positive","Tuesday",11,"niyi"
"negative","Tuesday",16,"angel"
"positive","Tuesday",112,"angel"
"negative","Tuesday",78,"arin"
"positive","Tuesday",38,"arin"
"negative","Tuesday",79,"boma"
"positive","Tuesday",126,"boma"
"negative","Tuesday",35,"beatrice"
"positive","Tuesday",35,"beatrice"
"negative","Tuesday",28,"cross"
"positive","Tuesday",81,"cross"
"negative","Tuesday",26,"emmanuel"
"positive","Tuesday",39,"emmanuel"
"negative","Tuesday",172,"jackie"
"positive","Tuesday",222,"jackie"
"negative","Tuesday",63,"liquorose"
"positive","Tuesday",115,"liquorose"
"negative","Tuesday",9,"jaypaul"
"positive","Tuesday",12,"jaypaul"
"negative","Tuesday",12,"nini"
"positive","Tuesday",29,"nini"
"negative","Tuesday",8,"peace"
"positive","Tuesday",94,"peace"
"negative","Tuesday",9,"princess"
"positive","Tuesday",9,"princess"
"negative","Tuesday",15,"saga"
"positive","Tuesday",24,"saga"
"negative","Tuesday",5,"sammie"
"positive","Tuesday",15,"sammie"
"negative","Tuesday",18,"saskay"
"positive","Tuesday",21,"saskay"
"negative","Tuesday",8,"tega"
"positive","Tuesday",19,"tega"
"negative","Tuesday",191,"whitemoney"
"positive","Tuesday",181,"whitemoney"
"negative","Tuesday",265,"maria"
"positive","Tuesday",289,"maria"
"negative","Tuesday",247,"pere"
"positive","Tuesday",167,"pere"
"negative","Tuesday",15,"niyi"
"positive","Tuesday",18,"niyi"
"negative","Tuesday",36,"angel"
"positive","Tuesday",292,"angel"
"negative","Tuesday",44,"arin"
"positive","Tuesday",62,"arin"
"negative","Tuesday",56,"boma"
"positive","Tuesday",88,"boma"
"negative","Tuesday",63,"beatrice"
"positive","Tuesday",65,"beatrice"
"negative","Tuesday",22,"cross"
"positive","Tuesday",78,"cross"
"negative","Tuesday",35,"emmanuel"
"positive","Tuesday",44,"emmanuel"
"negative","Tuesday",41,"jackie"
"positive","Tuesday",65,"jackie"
"negative","Tuesday",112,"liquorose"
"positive","Tuesday",139,"liquorose"
"negative","Tuesday",11,"jaypaul"
"positive","Tuesday",13,"jaypaul"
"negative","Tuesday",23,"nini"
"positive","Tuesday",63,"nini"
"negative","Tuesday",57,"peace"
"positive","Tuesday",436,"peace"
"negative","Tuesday",6,"princess"
"positive","Tuesday",7,"princess"
"negative","Tuesday",52,"saga"
"positive","Tuesday",88,"saga"
"negative","Tuesday",21,"sammie"
"positive","Tuesday",151,"sammie"
"negative","Tuesday",8,"saskay"
"positive","Tuesday",22,"saskay"
"negative","Tuesday",41,"tega"
"positive","Tuesday",82,"tega"
"negative","Tuesday",109,"whitemoney"
"positive","Tuesday",132,"whitemoney"
"negative","Tuesday",167,"maria"
"positive","Tuesday",163,"maria"
"negative","Tuesday",96,"pere"
"positive","Tuesday",93,"pere"
"negative","Tuesday",5,"niyi"
"positive","Tuesday",10,"niyi"
"negative","Tuesday",24,"angel"
"positive","Tuesday",286,"angel"
"negative","Tuesday",26,"arin"
"positive","Tuesday",62,"arin"
"negative","Tuesday",20,"boma"
"positive","Tuesday",69,"boma"
"negative","Tuesday",53,"beatrice"
"positive","Tuesday",49,"beatrice"
"negative","Tuesday",13,"cross"
"positive","Tuesday",33,"cross"
"negative","Tuesday",215,"emmanuel"
"positive","Tuesday",136,"emmanuel"
"negative","Tuesday",12,"jackie"
"positive","Tuesday",24,"jackie"
"negative","Tuesday",213,"liquorose"
"positive","Tuesday",384,"liquorose"
"negative","Tuesday",1,"jaypaul"
"positive","Tuesday",4,"jaypaul"
"negative","Tuesday",30,"nini"
"positive","Tuesday",70,"nini"
"negative","Tuesday",3,"peace"
"positive","Tuesday",40,"peace"
"negative","Tuesday",7,"princess"
"positive","Tuesday",8,"princess"
"negative","Tuesday",78,"saga"
"positive","Tuesday",155,"saga"
"negative","Tuesday",12,"sammie"
"positive","Tuesday",29,"sammie"
"negative","Tuesday",6,"saskay"
"positive","Tuesday",31,"saskay"
"negative","Tuesday",12,"tega"
"positive","Tuesday",16,"tega"
"negative","Tuesday",298,"whitemoney"
"positive","Tuesday",381,"whitemoney"
"negative","Tuesday",144,"maria"
"positive","Tuesday",132,"maria"
"negative","Tuesday",138,"pere"
"positive","Tuesday",98,"pere"
"negative","Tuesday",6,"niyi"
"positive","Tuesday",11,"niyi"
"negative","Tuesday",38,"angel"
"positive","Tuesday",348,"angel"
"negative","Tuesday",14,"arin"
"positive","Tuesday",41,"arin"
"negative","Tuesday",7,"boma"
"positive","Tuesday",40,"boma"
"negative","Tuesday",10,"beatrice"
"positive","Tuesday",22,"beatrice"
"negative","Tuesday",20,"cross"
"positive","Tuesday",43,"cross"
"negative","Tuesday",77,"emmanuel"
"positive","Tuesday",87,"emmanuel"
"negative","Tuesday",12,"jackie"
"positive","Tuesday",15,"jackie"
"negative","Tuesday",115,"liquorose"
"positive","Tuesday",289,"liquorose"
"negative","Tuesday",4,"jaypaul"
"positive","Tuesday",1,"jaypaul"
"negative","Tuesday",11,"nini"
"positive","Tuesday",26,"nini"
"negative","Tuesday",11,"peace"
"positive","Tuesday",56,"peace"
"positive","Tuesday",2,"princess"
"negative","Tuesday",14,"saga"
"positive","Tuesday",34,"saga"
"negative","Tuesday",22,"sammie"
"positive","Tuesday",48,"sammie"
"negative","Tuesday",18,"saskay"
"positive","Tuesday",28,"saskay"
"negative","Tuesday",4,"tega"
"positive","Tuesday",9,"tega"
"negative","Tuesday",193,"whitemoney"
"positive","Tuesday",306,"whitemoney"
"negative","Tuesday",295,"maria"
"positive","Tuesday",298,"maria"
"negative","Tuesday",290,"pere"
"positive","Tuesday",215,"pere"
"negative","Tuesday",11,"niyi"
"positive","Tuesday",21,"niyi"
"negative","Tuesday",37,"angel"
"positive","Tuesday",225,"angel"
"negative","Tuesday",27,"arin"
"positive","Tuesday",31,"arin"
"negative","Tuesday",117,"boma"
"positive","Tuesday",106,"boma"
"negative","Tuesday",73,"beatrice"
"positive","Tuesday",56,"beatrice"
"negative","Tuesday",31,"cross"
"positive","Tuesday",71,"cross"
"negative","Tuesday",44,"emmanuel"
"positive","Tuesday",74,"emmanuel"
"negative","Tuesday",25,"jackie"
"positive","Tuesday",35,"jackie"
"negative","Tuesday",64,"liquorose"
"positive","Tuesday",198,"liquorose"
"negative","Tuesday",4,"jaypaul"
"positive","Tuesday",2,"jaypaul"
"negative","Tuesday",15,"nini"
"positive","Tuesday",32,"nini"
"negative","Tuesday",7,"peace"
"positive","Tuesday",51,"peace"
"positive","Tuesday",7,"princess"
"negative","Tuesday",16,"saga"
"positive","Tuesday",15,"saga"
"negative","Tuesday",13,"sammie"
"positive","Tuesday",50,"sammie"
"negative","Tuesday",24,"saskay"
"positive","Tuesday",39,"saskay"
"negative","Tuesday",5,"tega"
"positive","Tuesday",10,"tega"
"negative","Tuesday",91,"whitemoney"
"positive","Tuesday",183,"whitemoney"
"negative","Tuesday",279,"maria"
"positive","Tuesday",361,"maria"
"negative","Tuesday",327,"pere"
"positive","Tuesday",244,"pere"
"negative","Tuesday",12,"niyi"
"positive","Tuesday",9,"niyi"
"negative","Tuesday",36,"angel"
"positive","Tuesday",193,"angel"
"negative","Tuesday",20,"arin"
"positive","Tuesday",31,"arin"
"negative","Tuesday",139,"boma"
"positive","Tuesday",129,"boma"
"negative","Tuesday",154,"beatrice"
"positive","Tuesday",289,"beatrice"
"negative","Tuesday",26,"cross"
"positive","Tuesday",65,"cross"
"negative","Tuesday",49,"emmanuel"
"positive","Tuesday",97,"emmanuel"
"negative","Tuesday",26,"jackie"
"positive","Tuesday",43,"jackie"
"negative","Tuesday",64,"liquorose"
"positive","Tuesday",191,"liquorose"
"negative","Tuesday",14,"jaypaul"
"positive","Tuesday",16,"jaypaul"
"negative","Tuesday",37,"nini"
"positive","Tuesday",50,"nini"
"negative","Tuesday",11,"peace"
"positive","Tuesday",31,"peace"
"negative","Tuesday",8,"princess"
"positive","Tuesday",13,"princess"
"negative","Tuesday",15,"saga"
"positive","Tuesday",51,"saga"
"negative","Tuesday",14,"sammie"
"positive","Tuesday",48,"sammie"
"negative","Tuesday",27,"saskay"
"positive","Tuesday",38,"saskay"
"negative","Tuesday",9,"tega"
"positive","Tuesday",14,"tega"
"negative","Tuesday",192,"whitemoney"
"positive","Tuesday",236,"whitemoney"
"negative","Tuesday",140,"maria"
"positive","Tuesday",247,"maria"
"negative","Tuesday",316,"pere"
"positive","Tuesday",142,"pere"
"negative","Tuesday",13,"niyi"
"positive","Tuesday",19,"niyi"
"negative","Tuesday",25,"angel"
"positive","Tuesday",177,"angel"
"negative","Tuesday",36,"arin"
"positive","Tuesday",79,"arin"
"negative","Tuesday",21,"boma"
"positive","Tuesday",40,"boma"
"negative","Tuesday",135,"beatrice"
"positive","Tuesday",435,"beatrice"
"negative","Tuesday",21,"cross"
"positive","Tuesday",51,"cross"
"negative","Tuesday",58,"emmanuel"
"positive","Tuesday",106,"emmanuel"
"negative","Tuesday",21,"jackie"
"positive","Tuesday",27,"jackie"
"negative","Tuesday",39,"liquorose"
"positive","Tuesday",120,"liquorose"
"negative","Tuesday",19,"jaypaul"
"positive","Tuesday",41,"jaypaul"
"negative","Tuesday",14,"nini"
"positive","Tuesday",25,"nini"
"negative","Tuesday",13,"peace"
"positive","Tuesday",93,"peace"
"negative","Tuesday",12,"princess"
"positive","Tuesday",24,"princess"
"negative","Tuesday",17,"saga"
"positive","Tuesday",53,"saga"
"negative","Tuesday",14,"sammie"
"positive","Tuesday",16,"sammie"
"negative","Tuesday",33,"saskay"
"positive","Tuesday",33,"saskay"
"negative","Tuesday",4,"tega"
"positive","Tuesday",10,"tega"
"negative","Tuesday",106,"whitemoney"
"positive","Tuesday",210,"whitemoney"
"negative","Tuesday",77,"maria"
"positive","Tuesday",228,"maria"
"negative","Tuesday",75,"pere"
"positive","Tuesday",69,"pere"
"negative","Tuesday",16,"niyi"
"positive","Tuesday",15,"niyi"
"negative","Tuesday",164,"angel"
"positive","Tuesday",1064,"angel"
"negative","Tuesday",62,"arin"
"positive","Tuesday",204,"arin"
"negative","Tuesday",9,"boma"
"positive","Tuesday",23,"boma"
"negative","Tuesday",36,"beatrice"
"positive","Tuesday",77,"beatrice"
"negative","Tuesday",45,"cross"
"positive","Tuesday",195,"cross"
"negative","Tuesday",23,"emmanuel"
"positive","Tuesday",64,"emmanuel"
"negative","Tuesday",30,"jackie"
"positive","Tuesday",42,"jackie"
"negative","Tuesday",65,"liquorose"
"positive","Tuesday",287,"liquorose"
"negative","Tuesday",1,"jaypaul"
"positive","Tuesday",7,"jaypaul"
"negative","Tuesday",21,"nini"
"positive","Tuesday",66,"nini"
"negative","Tuesday",16,"peace"
"positive","Tuesday",75,"peace"
"negative","Tuesday",3,"princess"
"positive","Tuesday",8,"princess"
"negative","Tuesday",20,"saga"
"positive","Tuesday",67,"saga"
"negative","Tuesday",16,"sammie"
"positive","Tuesday",86,"sammie"
"negative","Tuesday",9,"saskay"
"positive","Tuesday",16,"saskay"
"negative","Tuesday",12,"tega"
"positive","Tuesday",109,"tega"
"negative","Tuesday",197,"whitemoney"
"positive","Tuesday",202,"whitemoney"
"negative","Tuesday",39,"maria"
"positive","Tuesday",120,"maria"
"negative","Tuesday",83,"pere"
"positive","Tuesday",60,"pere"
"negative","Tuesday",26,"niyi"
"positive","Tuesday",7,"niyi"
"negative","Tuesday",54,"angel"
"positive","Tuesday",340,"angel"
"negative","Tuesday",73,"arin"
"positive","Tuesday",211,"arin"
"negative","Tuesday",1,"boma"
"positive","Tuesday",10,"boma"
"negative","Tuesday",7,"beatrice"
"positive","Tuesday",21,"beatrice"
"negative","Tuesday",130,"cross"
"positive","Tuesday",189,"cross"
"negative","Tuesday",21,"emmanuel"
"positive","Tuesday",49,"emmanuel"
"negative","Tuesday",55,"jackie"
"positive","Tuesday",90,"jackie"
"negative","Tuesday",73,"liquorose"
"positive","Tuesday",152,"liquorose"
"negative","Tuesday",8,"jaypaul"
"positive","Tuesday",8,"jaypaul"
"negative","Tuesday",37,"nini"
"positive","Tuesday",121,"nini"
"negative","Tuesday",9,"peace"
"positive","Tuesday",93,"peace"
"negative","Tuesday",3,"princess"
"positive","Tuesday",4,"princess"
"negative","Tuesday",23,"saga"
"positive","Tuesday",62,"saga"
"negative","Tuesday",51,"sammie"
"positive","Tuesday",37,"sammie"
"negative","Tuesday",3,"saskay"
"positive","Tuesday",1,"saskay"
"negative","Tuesday",4,"tega"
"positive","Tuesday",12,"tega"
"negative","Tuesday",11,"whitemoney"
"negative","Wednesday",98,"whitemoney"
"positive","Tuesday",29,"whitemoney"
"positive","Wednesday",173,"whitemoney"
"negative","Tuesday",20,"maria"
"negative","Wednesday",119,"maria"
"positive","Tuesday",31,"maria"
"positive","Wednesday",166,"maria"
"negative","Tuesday",15,"pere"
"negative","Wednesday",86,"pere"
"positive","Tuesday",12,"pere"
"positive","Wednesday",105,"pere"
"negative","Tuesday",1,"niyi"
"negative","Wednesday",7,"niyi"
"positive","Tuesday",4,"niyi"
"positive","Wednesday",3,"niyi"
"negative","Tuesday",24,"angel"
"negative","Wednesday",93,"angel"
"positive","Tuesday",254,"angel"
"positive","Wednesday",713,"angel"
"negative","Tuesday",13,"arin"
"negative","Wednesday",24,"arin"
"positive","Tuesday",18,"arin"
"positive","Wednesday",58,"arin"
"negative","Tuesday",2,"boma"
"negative","Wednesday",30,"boma"
"positive","Wednesday",199,"boma"
"negative","Tuesday",8,"beatrice"
"negative","Wednesday",57,"beatrice"
"positive","Tuesday",8,"beatrice"
"positive","Wednesday",158,"beatrice"
"negative","Tuesday",1,"cross"
"negative","Wednesday",107,"cross"
"positive","Tuesday",10,"cross"
"positive","Wednesday",178,"cross"
"negative","Wednesday",36,"emmanuel"
"positive","Tuesday",7,"emmanuel"
"positive","Wednesday",62,"emmanuel"
"negative","Tuesday",20,"jackie"
"negative","Wednesday",55,"jackie"
"positive","Tuesday",18,"jackie"
"positive","Wednesday",247,"jackie"
"negative","Tuesday",11,"liquorose"
"negative","Wednesday",83,"liquorose"
"positive","Tuesday",37,"liquorose"
"positive","Wednesday",195,"liquorose"
"negative","Tuesday",1,"jaypaul"
"negative","Wednesday",2,"jaypaul"
"positive","Tuesday",4,"jaypaul"
"positive","Wednesday",14,"jaypaul"
"negative","Tuesday",12,"nini"
"negative","Wednesday",23,"nini"
"positive","Tuesday",21,"nini"
"positive","Wednesday",61,"nini"
"negative","Wednesday",17,"peace"
"positive","Tuesday",14,"peace"
"positive","Wednesday",116,"peace"
"positive","Wednesday",4,"princess"
"negative","Tuesday",19,"saga"
"negative","Wednesday",32,"saga"
"positive","Tuesday",21,"saga"
"positive","Wednesday",93,"saga"
"negative","Tuesday",3,"sammie"
"negative","Wednesday",52,"sammie"
"positive","Tuesday",3,"sammie"
"positive","Wednesday",199,"sammie"
"negative","Tuesday",3,"saskay"
"negative","Wednesday",4,"saskay"
"positive","Tuesday",8,"saskay"
"positive","Wednesday",8,"saskay"
"negative","Wednesday",10,"tega"
"positive","Wednesday",18,"tega"
"negative","Wednesday",111,"whitemoney"
"positive","Wednesday",190,"whitemoney"
"negative","Wednesday",299,"maria"
"positive","Wednesday",328,"maria"
"negative","Wednesday",224,"pere"
"positive","Wednesday",207,"pere"
"negative","Wednesday",6,"niyi"
"positive","Wednesday",5,"niyi"
"negative","Wednesday",130,"angel"
"positive","Wednesday",869,"angel"
"negative","Wednesday",58,"arin"
"positive","Wednesday",79,"arin"
"negative","Wednesday",33,"boma"
"positive","Wednesday",210,"boma"
"negative","Wednesday",72,"beatrice"
"positive","Wednesday",155,"beatrice"
"negative","Wednesday",118,"cross"
"positive","Wednesday",190,"cross"
"negative","Wednesday",42,"emmanuel"
"positive","Wednesday",73,"emmanuel"
"negative","Wednesday",35,"jackie"
"positive","Wednesday",216,"jackie"
"negative","Wednesday",97,"liquorose"
"positive","Wednesday",231,"liquorose"
"negative","Wednesday",14,"jaypaul"
"positive","Wednesday",27,"jaypaul"
"negative","Wednesday",25,"nini"
"positive","Wednesday",76,"nini"
"negative","Wednesday",25,"peace"
"positive","Wednesday",140,"peace"
"negative","Wednesday",4,"princess"
"positive","Wednesday",8,"princess"
"negative","Wednesday",31,"saga"
"positive","Wednesday",101,"saga"
"negative","Wednesday",94,"sammie"
"positive","Wednesday",313,"sammie"
"negative","Wednesday",25,"saskay"
"positive","Wednesday",27,"saskay"
"negative","Wednesday",12,"tega"
"positive","Wednesday",18,"tega"
"negative","Wednesday",107,"whitemoney"
"positive","Wednesday",186,"whitemoney"
"negative","Wednesday",297,"maria"
"positive","Wednesday",343,"maria"
"negative","Wednesday",227,"pere"
"positive","Wednesday",204,"pere"
"negative","Wednesday",5,"niyi"
"positive","Wednesday",5,"niyi"
"negative","Wednesday",150,"angel"
"positive","Wednesday",892,"angel"
"negative","Wednesday",86,"arin"
"positive","Wednesday",156,"arin"
"negative","Wednesday",22,"boma"
"positive","Wednesday",107,"boma"
"negative","Wednesday",76,"beatrice"
"positive","Wednesday",151,"beatrice"
"negative","Wednesday",128,"cross"
"positive","Wednesday",227,"cross"
"negative","Wednesday",42,"emmanuel"
"positive","Wednesday",90,"emmanuel"
"negative","Wednesday",18,"jackie"
"positive","Wednesday",109,"jackie"
"negative","Wednesday",116,"liquorose"
"positive","Wednesday",247,"liquorose"
"negative","Wednesday",15,"jaypaul"
"positive","Wednesday",34,"jaypaul"
"negative","Wednesday",30,"nini"
"positive","Wednesday",79,"nini"
"negative","Wednesday",42,"peace"
"positive","Wednesday",237,"peace"
"negative","Wednesday",4,"princess"
"positive","Wednesday",9,"princess"
"negative","Wednesday",25,"saga"
"positive","Wednesday",80,"saga"
"negative","Wednesday",113,"sammie"
"positive","Wednesday",363,"sammie"
"negative","Wednesday",34,"saskay"
"positive","Wednesday",55,"saskay"
"negative","Wednesday",10,"tega"
"positive","Wednesday",6,"tega"
"negative","Wednesday",107,"whitemoney"
"positive","Wednesday",184,"whitemoney"
"negative","Wednesday",297,"maria"
"positive","Wednesday",345,"maria"
"negative","Wednesday",223,"pere"
"positive","Wednesday",201,"pere"
"negative","Wednesday",5,"niyi"
"positive","Wednesday",7,"niyi"
"negative","Wednesday",146,"angel"
"positive","Wednesday",871,"angel"
"negative","Wednesday",86,"arin"
"positive","Wednesday",167,"arin"
"negative","Wednesday",15,"boma"
"positive","Wednesday",80,"boma"
"negative","Wednesday",75,"beatrice"
"positive","Wednesday",144,"beatrice"
"negative","Wednesday",128,"cross"
"positive","Wednesday",225,"cross"
"negative","Wednesday",38,"emmanuel"
"positive","Wednesday",83,"emmanuel"
"negative","Wednesday",14,"jackie"
"positive","Wednesday",82,"jackie"
"negative","Wednesday",112,"liquorose"
"positive","Wednesday",238,"liquorose"
"negative","Wednesday",15,"jaypaul"
"positive","Wednesday",30,"jaypaul"
"negative","Wednesday",31,"nini"
"positive","Wednesday",75,"nini"
"negative","Wednesday",44,"peace"
"positive","Wednesday",241,"peace"
"negative","Wednesday",4,"princess"
"positive","Wednesday",9,"princess"
"negative","Wednesday",25,"saga"
"positive","Wednesday",65,"saga"
"negative","Wednesday",113,"sammie"
"positive","Wednesday",374,"sammie"
"negative","Wednesday",34,"saskay"
"positive","Wednesday",57,"saskay"
"negative","Wednesday",9,"tega"
"positive","Wednesday",5,"tega"
"negative","Wednesday",111,"whitemoney"
"positive","Wednesday",181,"whitemoney"
"negative","Wednesday",296,"maria"
"positive","Wednesday",345,"maria"
"negative","Wednesday",230,"pere"
"positive","Wednesday",207,"pere"
"negative","Wednesday",6,"niyi"
"positive","Wednesday",8,"niyi"
"negative","Wednesday",145,"angel"
"positive","Wednesday",875,"angel"
"negative","Wednesday",87,"arin"
"positive","Wednesday",169,"arin"
"negative","Wednesday",16,"boma"
"positive","Wednesday",74,"boma"
"negative","Wednesday",73,"beatrice"
"positive","Wednesday",135,"beatrice"
"negative","Wednesday",123,"cross"
"positive","Wednesday",219,"cross"
"negative","Wednesday",34,"emmanuel"
"positive","Wednesday",77,"emmanuel"
"negative","Wednesday",14,"jackie"
"positive","Wednesday",74,"jackie"
"negative","Wednesday",111,"liquorose"
"positive","Wednesday",238,"liquorose"
"negative","Wednesday",18,"jaypaul"
"positive","Wednesday",34,"jaypaul"
"negative","Wednesday",29,"nini"
"positive","Wednesday",70,"nini"
"negative","Wednesday",45,"peace"
"positive","Wednesday",243,"peace"
"negative","Wednesday",4,"princess"
"positive","Wednesday",10,"princess"
"negative","Wednesday",24,"saga"
"positive","Wednesday",58,"saga"
"negative","Wednesday",112,"sammie"
"positive","Wednesday",380,"sammie"
"negative","Wednesday",37,"saskay"
"positive","Wednesday",59,"saskay"
"negative","Wednesday",9,"tega"
"positive","Wednesday",5,"tega"
"negative","Wednesday",112,"whitemoney"
"positive","Wednesday",188,"whitemoney"
"negative","Wednesday",309,"maria"
"positive","Wednesday",376,"maria"
"negative","Wednesday",245,"pere"
"positive","Wednesday",217,"pere"
"negative","Wednesday",6,"niyi"
"positive","Wednesday",8,"niyi"
"negative","Wednesday",135,"angel"
"positive","Wednesday",732,"angel"
"negative","Wednesday",84,"arin"
"positive","Wednesday",163,"arin"
"negative","Wednesday",13,"boma"
"positive","Wednesday",70,"boma"
"negative","Wednesday",44,"beatrice"
"positive","Wednesday",83,"beatrice"
"negative","Wednesday",85,"cross"
"positive","Wednesday",171,"cross"
"negative","Wednesday",37,"emmanuel"
"positive","Wednesday",78,"emmanuel"
"negative","Wednesday",13,"jackie"
"positive","Wednesday",66,"jackie"
"negative","Wednesday",109,"liquorose"
"positive","Wednesday",227,"liquorose"
"negative","Wednesday",21,"jaypaul"
"positive","Wednesday",36,"jaypaul"
"negative","Wednesday",22,"nini"
"positive","Wednesday",59,"nini"
"negative","Wednesday",45,"peace"
"positive","Wednesday",212,"peace"
"negative","Wednesday",4,"princess"
"positive","Wednesday",10,"princess"
"negative","Wednesday",20,"saga"
"positive","Wednesday",54,"saga"
"negative","Wednesday",104,"sammie"
"positive","Wednesday",313,"sammie"
"negative","Wednesday",39,"saskay"
"positive","Wednesday",60,"saskay"
"negative","Wednesday",7,"tega"
"positive","Wednesday",5,"tega"
"negative","Wednesday",108,"whitemoney"
"positive","Wednesday",181,"whitemoney"
"negative","Wednesday",244,"maria"
"positive","Wednesday",354,"maria"
"negative","Wednesday",192,"pere"
"positive","Wednesday",207,"pere"
"negative","Wednesday",4,"niyi"
"positive","Wednesday",7,"niyi"
"negative","Wednesday",107,"angel"
"positive","Wednesday",569,"angel"
"negative","Wednesday",84,"arin"
"positive","Wednesday",164,"arin"
"negative","Wednesday",15,"boma"
"positive","Wednesday",57,"boma"
"negative","Wednesday",42,"beatrice"
"positive","Wednesday",56,"beatrice"
"negative","Wednesday",76,"cross"
"positive","Wednesday",143,"cross"
"negative","Wednesday",31,"emmanuel"
"positive","Wednesday",78,"emmanuel"
"negative","Wednesday",8,"jackie"
"positive","Wednesday",54,"jackie"
"negative","Wednesday",95,"liquorose"
"positive","Wednesday",206,"liquorose"
"negative","Wednesday",21,"jaypaul"
"positive","Wednesday",30,"jaypaul"
"negative","Wednesday",17,"nini"
"positive","Wednesday",69,"nini"
"negative","Wednesday",31,"peace"
"positive","Wednesday",159,"peace"
"negative","Wednesday",4,"princess"
"positive","Wednesday",9,"princess"
"negative","Wednesday",19,"saga"
"positive","Wednesday",68,"saga"
"negative","Wednesday",73,"sammie"
"positive","Wednesday",207,"sammie"
"negative","Wednesday",39,"saskay"
"positive","Wednesday",69,"saskay"
"negative","Wednesday",6,"tega"
"positive","Wednesday",7,"tega"
"negative","Wednesday",102,"whitemoney"
"positive","Wednesday",213,"whitemoney"
"negative","Wednesday",137,"maria"
"positive","Wednesday",301,"maria"
"negative","Wednesday",106,"pere"
"positive","Wednesday",146,"pere"
"negative","Wednesday",9,"niyi"
"positive","Wednesday",14,"niyi"
"negative","Wednesday",46,"angel"
"positive","Wednesday",418,"angel"
"negative","Wednesday",32,"arin"
"positive","Wednesday",90,"arin"
"negative","Wednesday",19,"boma"
"positive","Wednesday",68,"boma"
"negative","Wednesday",47,"beatrice"
"positive","Wednesday",82,"beatrice"
"negative","Wednesday",40,"cross"
"positive","Wednesday",75,"cross"
"negative","Wednesday",23,"emmanuel"
"positive","Wednesday",38,"emmanuel"
"negative","Wednesday",15,"jackie"
"positive","Wednesday",55,"jackie"
"negative","Wednesday",63,"liquorose"
"positive","Wednesday",244,"liquorose"
"negative","Wednesday",12,"jaypaul"
"positive","Wednesday",17,"jaypaul"
"negative","Wednesday",12,"nini"
"positive","Wednesday",81,"nini"
"negative","Wednesday",17,"peace"
"positive","Wednesday",66,"peace"
"positive","Wednesday",5,"princess"
"negative","Wednesday",12,"saga"
"positive","Wednesday",52,"saga"
"negative","Wednesday",24,"sammie"
"positive","Wednesday",94,"sammie"
"negative","Wednesday",17,"saskay"
"positive","Wednesday",47,"saskay"
"negative","Wednesday",3,"tega"
"positive","Wednesday",6,"tega"
