"sentiment","n","name"
"anger",694,"whitemoney"
"anticipation",1031,"whitemoney"
"disgust",95,"whitemoney"
"fear",157,"whitemoney"
"joy",1950,"whitemoney"
"negative",275,"whitemoney"
"positive",930,"whitemoney"
"sadness",22,"whitemoney"
"surprise",44,"whitemoney"
"trust",193,"whitemoney"
"anger",1006,"maria"
"anticipation",1585,"maria"
"disgust",89,"maria"
"fear",185,"maria"
"joy",2909,"maria"
"negative",524,"maria"
"positive",1467,"maria"
"sadness",52,"maria"
"surprise",52,"maria"
"trust",297,"maria"
"anger",127,"pere"
"anticipation",187,"pere"
"disgust",16,"pere"
"fear",29,"pere"
"joy",299,"pere"
"negative",75,"pere"
"positive",202,"pere"
"sadness",3,"pere"
"surprise",7,"pere"
"trust",28,"pere"
"anger",205,"whitemoney"
"anticipation",290,"whitemoney"
"disgust",17,"whitemoney"
"fear",31,"whitemoney"
"joy",83,"whitemoney"
"negative",65,"whitemoney"
"positive",107,"whitemoney"
"surprise",3,"whitemoney"
"trust",29,"whitemoney"
"anger",244,"maria"
"anticipation",368,"maria"
"disgust",35,"maria"
"fear",51,"maria"
"joy",156,"maria"
"negative",126,"maria"
"positive",216,"maria"
"sadness",5,"maria"
"surprise",15,"maria"
"trust",48,"maria"
"anger",131,"pere"
"anticipation",126,"pere"
"disgust",23,"pere"
"fear",32,"pere"
"joy",54,"pere"
"negative",78,"pere"
"positive",158,"pere"
"sadness",1,"pere"
"surprise",5,"pere"
"trust",10,"pere"
"anger",20,"niyi"
"anticipation",16,"niyi"
"disgust",1,"niyi"
"joy",4,"niyi"
"negative",2,"niyi"
"positive",7,"niyi"
"trust",2,"niyi"
"anger",30,"angel"
"anticipation",162,"angel"
"disgust",1,"angel"
"fear",4,"angel"
"joy",13,"angel"
"negative",17,"angel"
"positive",32,"angel"
"surprise",4,"angel"
"trust",11,"angel"
"anger",16,"arin"
"anticipation",51,"arin"
"disgust",11,"arin"
"fear",9,"arin"
"joy",18,"arin"
"negative",36,"arin"
"positive",40,"arin"
"sadness",1,"arin"
"surprise",3,"arin"
"trust",1,"arin"
"anger",17,"boma"
"anticipation",24,"boma"
"disgust",2,"boma"
"joy",6,"boma"
"negative",5,"boma"
"positive",12,"boma"
"surprise",1,"boma"
"trust",16,"boma"
"anger",66,"beatrice"
"anticipation",89,"beatrice"
"disgust",7,"beatrice"
"fear",5,"beatrice"
"joy",27,"beatrice"
"negative",9,"beatrice"
"positive",58,"beatrice"
"surprise",5,"beatrice"
"trust",7,"beatrice"
"anger",111,"cross"
"anticipation",31,"cross"
"disgust",6,"cross"
"fear",6,"cross"
"joy",14,"cross"
"negative",4,"cross"
"positive",22,"cross"
"surprise",1,"cross"
"trust",12,"cross"
"anger",13,"emmanuel"
"anticipation",30,"emmanuel"
"disgust",4,"emmanuel"
"joy",11,"emmanuel"
"negative",12,"emmanuel"
"positive",21,"emmanuel"
"sadness",1,"emmanuel"
"surprise",3,"emmanuel"
"trust",4,"emmanuel"
"anger",10,"jackie"
"anticipation",14,"jackie"
"disgust",2,"jackie"
"joy",6,"jackie"
"negative",5,"jackie"
"positive",8,"jackie"
"surprise",1,"jackie"
"trust",18,"jackie"
"anger",70,"liquorose"
"anticipation",271,"liquorose"
"disgust",6,"liquorose"
"fear",10,"liquorose"
"joy",103,"liquorose"
"negative",47,"liquorose"
"positive",112,"liquorose"
"sadness",1,"liquorose"
"surprise",3,"liquorose"
"trust",37,"liquorose"
"anger",4,"jaypaul"
"anticipation",2,"jaypaul"
"negative",1,"jaypaul"
"positive",4,"jaypaul"
"anger",29,"nini"
"anticipation",55,"nini"
"disgust",3,"nini"
"fear",3,"nini"
"joy",43,"nini"
"negative",26,"nini"
"positive",29,"nini"
"surprise",1,"nini"
"trust",1,"nini"
"anger",10,"peace"
"anticipation",61,"peace"
"fear",3,"peace"
"joy",7,"peace"
"negative",14,"peace"
"positive",14,"peace"
"sadness",1,"peace"
"surprise",1,"peace"
"trust",2,"peace"
"positive",1,"princess"
"anger",11,"saga"
"anticipation",24,"saga"
"fear",1,"saga"
"joy",4,"saga"
"negative",7,"saga"
"positive",9,"saga"
"trust",2,"saga"
"anger",13,"sammie"
"anticipation",50,"sammie"
"disgust",1,"sammie"
"fear",4,"sammie"
"joy",4,"sammie"
"negative",7,"sammie"
"positive",13,"sammie"
"surprise",1,"sammie"
"trust",4,"sammie"
"anger",20,"saskay"
"anticipation",18,"saskay"
"joy",11,"saskay"
"negative",3,"saskay"
"positive",9,"saskay"
"trust",4,"saskay"
"anger",6,"tega"
"anticipation",12,"tega"
"joy",6,"tega"
"negative",5,"tega"
"positive",8,"tega"
"anger",187,"whitemoney"
"anticipation",171,"whitemoney"
"disgust",19,"whitemoney"
"fear",32,"whitemoney"
"joy",83,"whitemoney"
"negative",67,"whitemoney"
"positive",156,"whitemoney"
"sadness",3,"whitemoney"
"surprise",3,"whitemoney"
"trust",33,"whitemoney"
"anger",284,"maria"
"anticipation",308,"maria"
"disgust",26,"maria"
"fear",59,"maria"
"joy",191,"maria"
"negative",169,"maria"
"positive",280,"maria"
"sadness",4,"maria"
"surprise",14,"maria"
"trust",56,"maria"
"anger",150,"pere"
"anticipation",131,"pere"
"disgust",14,"pere"
"fear",29,"pere"
"joy",69,"pere"
"negative",121,"pere"
"positive",169,"pere"
"sadness",3,"pere"
"surprise",8,"pere"
"trust",19,"pere"
"anger",9,"niyi"
"anticipation",4,"niyi"
"positive",4,"niyi"
"trust",1,"niyi"
"anger",30,"angel"
"anticipation",151,"angel"
"disgust",1,"angel"
"fear",4,"angel"
"joy",36,"angel"
"negative",12,"angel"
"positive",39,"angel"
"surprise",3,"angel"
"trust",14,"angel"
"anger",15,"arin"
"anticipation",22,"arin"
"disgust",3,"arin"
"fear",3,"arin"
"joy",21,"arin"
"negative",26,"arin"
"positive",29,"arin"
"surprise",2,"arin"
"trust",3,"arin"
"anger",7,"boma"
"anticipation",23,"boma"
"fear",3,"boma"
"joy",9,"boma"
"negative",11,"boma"
"positive",23,"boma"
"surprise",3,"boma"
"trust",9,"boma"
"anger",66,"beatrice"
"anticipation",41,"beatrice"
"disgust",11,"beatrice"
"fear",7,"beatrice"
"joy",24,"beatrice"
"negative",7,"beatrice"
"positive",44,"beatrice"
"surprise",7,"beatrice"
"trust",9,"beatrice"
"anger",153,"cross"
"anticipation",47,"cross"
"disgust",8,"cross"
"fear",5,"cross"
"joy",28,"cross"
"negative",13,"cross"
"positive",33,"cross"
"trust",9,"cross"
"anger",49,"emmanuel"
"anticipation",54,"emmanuel"
"disgust",11,"emmanuel"
"fear",12,"emmanuel"
"joy",31,"emmanuel"
"negative",30,"emmanuel"
"positive",41,"emmanuel"
"surprise",2,"emmanuel"
"trust",4,"emmanuel"
"anger",3,"jackie"
"anticipation",15,"jackie"
"joy",7,"jackie"
"negative",5,"jackie"
"positive",6,"jackie"
"surprise",1,"jackie"
"trust",8,"jackie"
"anger",57,"liquorose"
"anticipation",161,"liquorose"
"disgust",11,"liquorose"
"fear",9,"liquorose"
"joy",73,"liquorose"
"negative",41,"liquorose"
"positive",95,"liquorose"
"surprise",3,"liquorose"
"trust",19,"liquorose"
"anger",3,"jaypaul"
"anticipation",3,"jaypaul"
"positive",2,"jaypaul"
"anger",27,"nini"
"anticipation",40,"nini"
"disgust",4,"nini"
"joy",31,"nini"
"negative",16,"nini"
"positive",24,"nini"
"surprise",1,"nini"
"anger",8,"peace"
"anticipation",50,"peace"
"fear",4,"peace"
"joy",7,"peace"
"negative",8,"peace"
"positive",10,"peace"
"surprise",2,"peace"
"trust",1,"peace"
"anger",1,"princess"
"anticipation",4,"princess"
"fear",1,"princess"
"joy",1,"princess"
"negative",1,"princess"
"positive",4,"princess"
"anger",13,"saga"
"anticipation",12,"saga"
"disgust",1,"saga"
"fear",1,"saga"
"joy",7,"saga"
"negative",4,"saga"
"positive",10,"saga"
"trust",1,"saga"
"anger",20,"sammie"
"anticipation",46,"sammie"
"disgust",3,"sammie"
"fear",5,"sammie"
"joy",4,"sammie"
"negative",32,"sammie"
"positive",33,"sammie"
"surprise",2,"sammie"
"trust",12,"sammie"
"anger",10,"saskay"
"anticipation",14,"saskay"
"joy",5,"saskay"
"positive",8,"saskay"
"surprise",1,"saskay"
"trust",3,"saskay"
"anger",8,"tega"
"anticipation",16,"tega"
"disgust",1,"tega"
"joy",8,"tega"
"negative",5,"tega"
"positive",7,"tega"
"surprise",1,"tega"
"anger",166,"whitemoney"
"anticipation",145,"whitemoney"
"disgust",18,"whitemoney"
"fear",27,"whitemoney"
"joy",83,"whitemoney"
"negative",61,"whitemoney"
"positive",123,"whitemoney"
"sadness",9,"whitemoney"
"surprise",1,"whitemoney"
"trust",35,"whitemoney"
"anger",370,"maria"
"anticipation",326,"maria"
"disgust",28,"maria"
"fear",74,"maria"
"joy",181,"maria"
"negative",193,"maria"
"positive",301,"maria"
"sadness",4,"maria"
"surprise",20,"maria"
"trust",42,"maria"
"anger",249,"pere"
"anticipation",217,"pere"
"disgust",45,"pere"
"fear",60,"pere"
"joy",86,"pere"
"negative",154,"pere"
"positive",254,"pere"
"sadness",2,"pere"
"surprise",11,"pere"
"trust",31,"pere"
"anger",13,"niyi"
"anticipation",11,"niyi"
"joy",1,"niyi"
"negative",3,"niyi"
"positive",6,"niyi"
"trust",1,"niyi"
"anger",31,"angel"
"anticipation",181,"angel"
"disgust",12,"angel"
"fear",10,"angel"
"joy",28,"angel"
"negative",26,"angel"
"positive",46,"angel"
"trust",8,"angel"
"anger",28,"arin"
"anticipation",25,"arin"
"disgust",3,"arin"
"fear",10,"arin"
"joy",17,"arin"
"negative",28,"arin"
"positive",34,"arin"
"trust",1,"arin"
"anger",6,"boma"
"anticipation",18,"boma"
"fear",6,"boma"
"joy",12,"boma"
"negative",10,"boma"
"positive",32,"boma"
"surprise",2,"boma"
"trust",9,"boma"
"anger",115,"beatrice"
"anticipation",85,"beatrice"
"disgust",2,"beatrice"
"fear",12,"beatrice"
"joy",18,"beatrice"
"negative",18,"beatrice"
"positive",57,"beatrice"
"surprise",1,"beatrice"
"trust",5,"beatrice"
"anger",179,"cross"
"anticipation",45,"cross"
"disgust",7,"cross"
"fear",4,"cross"
"joy",30,"cross"
"negative",21,"cross"
"positive",33,"cross"
"trust",10,"cross"
"anger",62,"emmanuel"
"anticipation",61,"emmanuel"
"disgust",24,"emmanuel"
"fear",7,"emmanuel"
"joy",29,"emmanuel"
"negative",35,"emmanuel"
"positive",45,"emmanuel"
"surprise",6,"emmanuel"
"trust",10,"emmanuel"
"anger",15,"jackie"
"anticipation",22,"jackie"
"disgust",5,"jackie"
"fear",2,"jackie"
"joy",10,"jackie"
"negative",10,"jackie"
"positive",18,"jackie"
"surprise",1,"jackie"
"trust",7,"jackie"
"anger",101,"liquorose"
"anticipation",158,"liquorose"
"disgust",12,"liquorose"
"fear",17,"liquorose"
"joy",82,"liquorose"
"negative",40,"liquorose"
"positive",126,"liquorose"
"surprise",4,"liquorose"
"trust",26,"liquorose"
"anger",4,"jaypaul"
"anticipation",2,"jaypaul"
"joy",2,"jaypaul"
"negative",1,"jaypaul"
"positive",3,"jaypaul"
"anger",15,"nini"
"anticipation",36,"nini"
"disgust",4,"nini"
"fear",3,"nini"
"joy",19,"nini"
"negative",10,"nini"
"positive",26,"nini"
"surprise",2,"nini"
"anger",6,"peace"
"anticipation",51,"peace"
"joy",9,"peace"
"negative",5,"peace"
"positive",15,"peace"
"surprise",1,"peace"
"anticipation",3,"princess"
"fear",1,"princess"
"negative",5,"princess"
"positive",8,"princess"
"anger",9,"saga"
"anticipation",12,"saga"
"disgust",1,"saga"
"joy",3,"saga"
"negative",6,"saga"
"positive",5,"saga"
"trust",1,"saga"
"anger",9,"sammie"
"anticipation",22,"sammie"
"joy",3,"sammie"
"negative",9,"sammie"
"positive",13,"sammie"
"surprise",2,"sammie"
"trust",6,"sammie"
"anger",15,"saskay"
"anticipation",8,"saskay"
"joy",5,"saskay"
"negative",3,"saskay"
"positive",10,"saskay"
"trust",2,"saskay"
"anger",14,"tega"
"anticipation",23,"tega"
"joy",12,"tega"
"negative",14,"tega"
"positive",11,"tega"
"surprise",1,"tega"
"trust",1,"tega"
"anger",175,"whitemoney"
"anticipation",141,"whitemoney"
"disgust",12,"whitemoney"
"fear",27,"whitemoney"
"joy",75,"whitemoney"
"negative",61,"whitemoney"
"positive",137,"whitemoney"
"sadness",6,"whitemoney"
"surprise",3,"whitemoney"
"trust",31,"whitemoney"
"anger",602,"maria"
"anticipation",461,"maria"
"disgust",54,"maria"
"fear",77,"maria"
"joy",248,"maria"
"negative",210,"maria"
"positive",411,"maria"
"sadness",5,"maria"
"surprise",22,"maria"
"trust",44,"maria"
"anger",324,"pere"
"anticipation",292,"pere"
"disgust",26,"pere"
"fear",51,"pere"
"joy",94,"pere"
"negative",112,"pere"
"positive",245,"pere"
"sadness",3,"pere"
"surprise",16,"pere"
"trust",25,"pere"
"anger",16,"niyi"
"anticipation",14,"niyi"
"disgust",2,"niyi"
"joy",1,"niyi"
"negative",3,"niyi"
"positive",5,"niyi"
"trust",2,"niyi"
"anger",45,"angel"
"anticipation",172,"angel"
"disgust",5,"angel"
"fear",14,"angel"
"joy",21,"angel"
"negative",20,"angel"
"positive",38,"angel"
"trust",6,"angel"
"anger",33,"arin"
"anticipation",32,"arin"
"disgust",2,"arin"
"fear",10,"arin"
"joy",18,"arin"
"negative",26,"arin"
"positive",31,"arin"
"sadness",2,"arin"
"surprise",1,"arin"
"trust",2,"arin"
"anger",10,"boma"
"anticipation",21,"boma"
"disgust",1,"boma"
"fear",3,"boma"
"joy",6,"boma"
"negative",7,"boma"
"positive",18,"boma"
"surprise",1,"boma"
"trust",5,"boma"
"anger",238,"beatrice"
"anticipation",140,"beatrice"
"disgust",8,"beatrice"
"fear",19,"beatrice"
"joy",39,"beatrice"
"negative",30,"beatrice"
"positive",101,"beatrice"
"surprise",5,"beatrice"
"trust",10,"beatrice"
"anger",196,"cross"
"anticipation",77,"cross"
"disgust",9,"cross"
"fear",7,"cross"
"joy",32,"cross"
"negative",15,"cross"
"positive",42,"cross"
"surprise",2,"cross"
"trust",9,"cross"
"anger",71,"emmanuel"
"anticipation",63,"emmanuel"
"disgust",17,"emmanuel"
"fear",5,"emmanuel"
"joy",11,"emmanuel"
"negative",35,"emmanuel"
"positive",49,"emmanuel"
"surprise",1,"emmanuel"
"trust",11,"emmanuel"
"anger",23,"jackie"
"anticipation",28,"jackie"
"disgust",4,"jackie"
"fear",8,"jackie"
"joy",11,"jackie"
"negative",26,"jackie"
"positive",23,"jackie"
"surprise",1,"jackie"
"trust",7,"jackie"
"anger",127,"liquorose"
"anticipation",171,"liquorose"
"disgust",12,"liquorose"
"fear",12,"liquorose"
"joy",102,"liquorose"
"negative",65,"liquorose"
"positive",140,"liquorose"
"sadness",2,"liquorose"
"surprise",7,"liquorose"
"trust",25,"liquorose"
"anger",2,"jaypaul"
"anticipation",2,"jaypaul"
"joy",1,"jaypaul"
"negative",1,"jaypaul"
"positive",3,"jaypaul"
"anger",14,"nini"
"anticipation",28,"nini"
"disgust",2,"nini"
"fear",4,"nini"
"joy",14,"nini"
"negative",15,"nini"
"positive",18,"nini"
"surprise",2,"nini"
"anger",10,"peace"
"anticipation",52,"peace"
"fear",2,"peace"
"joy",5,"peace"
"negative",7,"peace"
"positive",11,"peace"
"anger",4,"princess"
"anticipation",5,"princess"
"disgust",1,"princess"
"fear",3,"princess"
"joy",3,"princess"
"negative",2,"princess"
"positive",31,"princess"
"anger",13,"saga"
"anticipation",22,"saga"
"disgust",4,"saga"
"fear",4,"saga"
"joy",14,"saga"
"negative",12,"saga"
"positive",23,"saga"
"trust",2,"saga"
"anger",9,"sammie"
"anticipation",31,"sammie"
"disgust",1,"sammie"
"fear",2,"sammie"
"joy",9,"sammie"
"negative",7,"sammie"
"positive",9,"sammie"
"trust",2,"sammie"
"anger",10,"saskay"
"anticipation",12,"saskay"
"fear",2,"saskay"
"joy",12,"saskay"
"negative",8,"saskay"
"positive",13,"saskay"
"surprise",2,"saskay"
"trust",1,"saskay"
"anger",23,"tega"
"anticipation",21,"tega"
"fear",4,"tega"
"joy",12,"tega"
"negative",11,"tega"
"positive",20,"tega"
"surprise",2,"tega"
"anger",228,"whitemoney"
"anticipation",181,"whitemoney"
"disgust",28,"whitemoney"
"fear",29,"whitemoney"
"joy",83,"whitemoney"
"negative",107,"whitemoney"
"positive",166,"whitemoney"
"sadness",5,"whitemoney"
"surprise",10,"whitemoney"
"trust",48,"whitemoney"
"anger",328,"maria"
"anticipation",355,"maria"
"disgust",28,"maria"
"fear",51,"maria"
"joy",204,"maria"
"negative",144,"maria"
"positive",270,"maria"
"sadness",4,"maria"
"surprise",15,"maria"
"trust",44,"maria"
"anger",157,"pere"
"anticipation",187,"pere"
"disgust",16,"pere"
"fear",37,"pere"
"joy",59,"pere"
"negative",70,"pere"
"positive",148,"pere"
"sadness",2,"pere"
"surprise",10,"pere"
"trust",21,"pere"
"anger",17,"niyi"
"anticipation",12,"niyi"
"disgust",2,"niyi"
"fear",1,"niyi"
"joy",10,"niyi"
"negative",4,"niyi"
"positive",23,"niyi"
"surprise",1,"niyi"
"trust",3,"niyi"
"anger",45,"angel"
"anticipation",178,"angel"
"disgust",6,"angel"
"fear",16,"angel"
"joy",22,"angel"
"negative",25,"angel"
"positive",32,"angel"
"surprise",2,"angel"
"trust",11,"angel"
"anger",20,"arin"
"anticipation",25,"arin"
"disgust",4,"arin"
"fear",10,"arin"
"joy",12,"arin"
"negative",22,"arin"
"positive",47,"arin"
"surprise",2,"arin"
"trust",2,"arin"
"anger",11,"boma"
"anticipation",17,"boma"
"disgust",1,"boma"
"fear",1,"boma"
"joy",4,"boma"
"negative",4,"boma"
"positive",12,"boma"
"surprise",1,"boma"
"trust",5,"boma"
"anger",96,"beatrice"
"anticipation",67,"beatrice"
"disgust",6,"beatrice"
"fear",11,"beatrice"
"joy",35,"beatrice"
"negative",21,"beatrice"
"positive",52,"beatrice"
"sadness",2,"beatrice"
"surprise",4,"beatrice"
"trust",5,"beatrice"
"anger",610,"cross"
"anticipation",174,"cross"
"disgust",26,"cross"
"fear",24,"cross"
"joy",109,"cross"
"negative",41,"cross"
"positive",153,"cross"
"sadness",2,"cross"
"surprise",5,"cross"
"trust",17,"cross"
"anger",53,"emmanuel"
"anticipation",60,"emmanuel"
"disgust",11,"emmanuel"
"fear",1,"emmanuel"
"joy",6,"emmanuel"
"negative",32,"emmanuel"
"positive",41,"emmanuel"
"surprise",1,"emmanuel"
"trust",8,"emmanuel"
"anger",15,"jackie"
"anticipation",23,"jackie"
"disgust",1,"jackie"
"fear",11,"jackie"
"joy",8,"jackie"
"negative",13,"jackie"
"positive",26,"jackie"
"surprise",1,"jackie"
"trust",15,"jackie"
"anger",90,"liquorose"
"anticipation",145,"liquorose"
"disgust",19,"liquorose"
"fear",14,"liquorose"
"joy",84,"liquorose"
"negative",37,"liquorose"
"positive",125,"liquorose"
"sadness",3,"liquorose"
"surprise",10,"liquorose"
"trust",21,"liquorose"
"anger",2,"jaypaul"
"negative",1,"jaypaul"
"positive",1,"jaypaul"
"anger",33,"nini"
"anticipation",47,"nini"
"disgust",3,"nini"
"fear",3,"nini"
"joy",33,"nini"
"negative",27,"nini"
"positive",38,"nini"
"surprise",1,"nini"
"trust",8,"nini"
"anger",14,"peace"
"anticipation",49,"peace"
"fear",2,"peace"
"joy",5,"peace"
"negative",9,"peace"
"positive",9,"peace"
"trust",1,"peace"
"anticipation",1,"princess"
"disgust",1,"princess"
"joy",1,"princess"
"positive",9,"princess"
"anger",24,"saga"
"anticipation",110,"saga"
"disgust",23,"saga"
"fear",9,"saga"
"joy",56,"saga"
"negative",44,"saga"
"positive",198,"saga"
"surprise",2,"saga"
"trust",12,"saga"
"anger",7,"sammie"
"anticipation",16,"sammie"
"fear",1,"sammie"
"joy",2,"sammie"
"negative",2,"sammie"
"positive",14,"sammie"
"trust",4,"sammie"
"anger",11,"saskay"
"anticipation",12,"saskay"
"fear",5,"saskay"
"joy",13,"saskay"
"negative",1,"saskay"
"positive",10,"saskay"
"surprise",1,"saskay"
"trust",1,"saskay"
"anger",4,"tega"
"anticipation",3,"tega"
"fear",2,"tega"
"joy",5,"tega"
"negative",2,"tega"
"positive",3,"tega"
"surprise",2,"tega"
"trust",1,"tega"
"anger",304,"whitemoney"
"anticipation",267,"whitemoney"
"disgust",43,"whitemoney"
"fear",50,"whitemoney"
"joy",201,"whitemoney"
"negative",124,"whitemoney"
"positive",348,"whitemoney"
"sadness",7,"whitemoney"
"surprise",12,"whitemoney"
"trust",59,"whitemoney"
"anger",224,"maria"
"anticipation",194,"maria"
"disgust",20,"maria"
"fear",23,"maria"
"joy",139,"maria"
"negative",108,"maria"
"positive",194,"maria"
"sadness",5,"maria"
"surprise",13,"maria"
"trust",24,"maria"
"anger",101,"pere"
"anticipation",92,"pere"
"disgust",17,"pere"
"fear",18,"pere"
"joy",46,"pere"
"negative",59,"pere"
"positive",119,"pere"
"sadness",2,"pere"
"surprise",1,"pere"
"trust",9,"pere"
"anger",20,"niyi"
"anticipation",11,"niyi"
"disgust",1,"niyi"
"fear",1,"niyi"
"joy",15,"niyi"
"negative",8,"niyi"
"positive",18,"niyi"
"trust",2,"niyi"
"anger",51,"angel"
"anticipation",146,"angel"
"disgust",4,"angel"
"fear",10,"angel"
"joy",21,"angel"
"negative",17,"angel"
"positive",29,"angel"
"sadness",1,"angel"
"surprise",3,"angel"
"trust",6,"angel"
"anger",18,"arin"
"anticipation",24,"arin"
"disgust",4,"arin"
"fear",7,"arin"
"joy",15,"arin"
"negative",27,"arin"
"positive",33,"arin"
"sadness",2,"arin"
"surprise",7,"arin"
"anger",24,"boma"
"anticipation",24,"boma"
"disgust",1,"boma"
"fear",1,"boma"
"joy",7,"boma"
"negative",8,"boma"
"positive",35,"boma"
"sadness",2,"boma"
"surprise",3,"boma"
"trust",18,"boma"
"anger",281,"beatrice"
"anticipation",137,"beatrice"
"disgust",12,"beatrice"
"fear",51,"beatrice"
"joy",123,"beatrice"
"negative",144,"beatrice"
"positive",165,"beatrice"
"sadness",30,"beatrice"
"surprise",23,"beatrice"
"trust",25,"beatrice"
"anger",854,"cross"
"anticipation",215,"cross"
"disgust",37,"cross"
"fear",30,"cross"
"joy",155,"cross"
"negative",39,"cross"
"positive",213,"cross"
"sadness",2,"cross"
"surprise",9,"cross"
"trust",27,"cross"
"anger",24,"emmanuel"
"anticipation",28,"emmanuel"
"disgust",5,"emmanuel"
"fear",1,"emmanuel"
"joy",7,"emmanuel"
"negative",15,"emmanuel"
"positive",21,"emmanuel"
"trust",3,"emmanuel"
"anger",4,"jackie"
"anticipation",10,"jackie"
"fear",1,"jackie"
"joy",2,"jackie"
"negative",3,"jackie"
"positive",11,"jackie"
"trust",9,"jackie"
"anger",66,"liquorose"
"anticipation",79,"liquorose"
"disgust",6,"liquorose"
"fear",7,"liquorose"
"joy",39,"liquorose"
"negative",30,"liquorose"
"positive",73,"liquorose"
"surprise",6,"liquorose"
"trust",13,"liquorose"
"anger",4,"jaypaul"
"anticipation",7,"jaypaul"
"joy",2,"jaypaul"
"negative",3,"jaypaul"
"positive",5,"jaypaul"
"surprise",1,"jaypaul"
"anger",16,"nini"
"anticipation",36,"nini"
"disgust",1,"nini"
"fear",3,"nini"
"joy",19,"nini"
"negative",9,"nini"
"positive",24,"nini"
"trust",6,"nini"
"anger",7,"peace"
"anticipation",26,"peace"
"fear",1,"peace"
"joy",3,"peace"
"negative",2,"peace"
"positive",4,"peace"
"trust",1,"peace"
"anger",2,"princess"
"anticipation",3,"princess"
"disgust",1,"princess"
"joy",1,"princess"
"positive",5,"princess"
"anger",10,"saga"
"anticipation",41,"saga"
"disgust",12,"saga"
"fear",4,"saga"
"joy",18,"saga"
"negative",2,"saga"
"positive",40,"saga"
"surprise",1,"saga"
"trust",1,"saga"
"anger",7,"sammie"
"anticipation",12,"sammie"
"disgust",2,"sammie"
"fear",2,"sammie"
"joy",3,"sammie"
"negative",3,"sammie"
"positive",9,"sammie"
"surprise",1,"sammie"
"trust",4,"sammie"
"anger",54,"saskay"
"anticipation",105,"saskay"
"disgust",9,"saskay"
"fear",15,"saskay"
"joy",100,"saskay"
"negative",43,"saskay"
"positive",95,"saskay"
"sadness",1,"saskay"
"surprise",7,"saskay"
"trust",5,"saskay"
"anger",4,"tega"
"anticipation",7,"tega"
"disgust",1,"tega"
"fear",1,"tega"
"joy",2,"tega"
"positive",4,"tega"
"surprise",2,"tega"
"trust",1,"tega"
"anger",303,"whitemoney"
"anticipation",234,"whitemoney"
"disgust",42,"whitemoney"
"fear",54,"whitemoney"
"joy",174,"whitemoney"
"negative",100,"whitemoney"
"positive",351,"whitemoney"
"sadness",7,"whitemoney"
"surprise",9,"whitemoney"
"trust",51,"whitemoney"
"anger",395,"maria"
"anticipation",353,"maria"
"disgust",47,"maria"
"fear",56,"maria"
"joy",277,"maria"
"negative",207,"maria"
"positive",442,"maria"
"sadness",10,"maria"
"surprise",21,"maria"
"trust",52,"maria"
"anger",167,"pere"
"anticipation",140,"pere"
"disgust",23,"pere"
"fear",30,"pere"
"joy",40,"pere"
"negative",85,"pere"
"positive",187,"pere"
"sadness",3,"pere"
"surprise",12,"pere"
"trust",12,"pere"
"anger",17,"niyi"
"anticipation",7,"niyi"
"disgust",1,"niyi"
"fear",1,"niyi"
"joy",15,"niyi"
"negative",7,"niyi"
"positive",15,"niyi"
"anger",31,"angel"
"anticipation",121,"angel"
"disgust",8,"angel"
"fear",8,"angel"
"joy",10,"angel"
"negative",11,"angel"
"positive",22,"angel"
"trust",7,"angel"
"anger",117,"arin"
"anticipation",75,"arin"
"disgust",36,"arin"
"fear",27,"arin"
"joy",24,"arin"
"negative",75,"arin"
"positive",133,"arin"
"sadness",2,"arin"
"surprise",8,"arin"
"trust",7,"arin"
"anger",36,"boma"
"anticipation",42,"boma"
"disgust",3,"boma"
"fear",3,"boma"
"joy",27,"boma"
"negative",32,"boma"
"positive",89,"boma"
"sadness",1,"boma"
"surprise",3,"boma"
"trust",10,"boma"
"anger",93,"beatrice"
"anticipation",81,"beatrice"
"disgust",8,"beatrice"
"fear",16,"beatrice"
"joy",39,"beatrice"
"negative",32,"beatrice"
"positive",73,"beatrice"
"sadness",6,"beatrice"
"surprise",8,"beatrice"
"trust",14,"beatrice"
"anger",458,"cross"
"anticipation",150,"cross"
"disgust",16,"cross"
"fear",15,"cross"
"joy",74,"cross"
"negative",16,"cross"
"positive",119,"cross"
"surprise",3,"cross"
"trust",18,"cross"
"anger",16,"emmanuel"
"anticipation",24,"emmanuel"
"disgust",3,"emmanuel"
"fear",4,"emmanuel"
"joy",5,"emmanuel"
"negative",15,"emmanuel"
"positive",21,"emmanuel"
"trust",2,"emmanuel"
"anger",24,"jackie"
"anticipation",32,"jackie"
"disgust",6,"jackie"
"fear",6,"jackie"
"joy",17,"jackie"
"negative",22,"jackie"
"positive",53,"jackie"
"surprise",1,"jackie"
"trust",15,"jackie"
"anger",42,"liquorose"
"anticipation",59,"liquorose"
"disgust",3,"liquorose"
"fear",3,"liquorose"
"joy",29,"liquorose"
"negative",28,"liquorose"
"positive",55,"liquorose"
"surprise",3,"liquorose"
"trust",5,"liquorose"
"anger",2,"jaypaul"
"anticipation",9,"jaypaul"
"disgust",3,"jaypaul"
"joy",5,"jaypaul"
"negative",1,"jaypaul"
"positive",9,"jaypaul"
"trust",1,"jaypaul"
"anger",10,"nini"
"anticipation",29,"nini"
"disgust",3,"nini"
"fear",3,"nini"
"joy",16,"nini"
"negative",7,"nini"
"positive",11,"nini"
"surprise",1,"nini"
"trust",4,"nini"
"anger",2,"peace"
"anticipation",24,"peace"
"fear",1,"peace"
"joy",2,"peace"
"negative",4,"peace"
"positive",9,"peace"
"anticipation",2,"princess"
"joy",1,"princess"
"positive",4,"princess"
"trust",1,"princess"
"anger",4,"saga"
"anticipation",30,"saga"
"disgust",5,"saga"
"fear",3,"saga"
"joy",16,"saga"
"negative",4,"saga"
"positive",28,"saga"
"trust",1,"saga"
"anger",6,"sammie"
"anticipation",21,"sammie"
"disgust",2,"sammie"
"fear",1,"sammie"
"joy",7,"sammie"
"negative",6,"sammie"
"positive",10,"sammie"
"trust",2,"sammie"
"anger",13,"saskay"
"anticipation",36,"saskay"
"disgust",2,"saskay"
"fear",6,"saskay"
"joy",23,"saskay"
"negative",10,"saskay"
"positive",18,"saskay"
"sadness",1,"saskay"
"trust",3,"saskay"
"anger",2,"tega"
"anticipation",4,"tega"
"disgust",1,"tega"
"fear",1,"tega"
"positive",2,"tega"
"surprise",1,"tega"
"anger",257,"whitemoney"
"anticipation",178,"whitemoney"
"disgust",28,"whitemoney"
"fear",31,"whitemoney"
"joy",109,"whitemoney"
"negative",201,"whitemoney"
"positive",201,"whitemoney"
"sadness",2,"whitemoney"
"surprise",10,"whitemoney"
"trust",40,"whitemoney"
"anger",412,"maria"
"anticipation",324,"maria"
"disgust",55,"maria"
"fear",46,"maria"
"joy",257,"maria"
"negative",194,"maria"
"positive",378,"maria"
"sadness",5,"maria"
"surprise",32,"maria"
"trust",57,"maria"
"anger",342,"pere"
"anticipation",266,"pere"
"disgust",43,"pere"
"fear",59,"pere"
"joy",145,"pere"
"negative",296,"pere"
"positive",275,"pere"
"sadness",6,"pere"
"surprise",37,"pere"
"trust",33,"pere"
"anger",20,"niyi"
"anticipation",17,"niyi"
"disgust",3,"niyi"
"joy",4,"niyi"
"negative",14,"niyi"
"positive",15,"niyi"
"anger",35,"angel"
"anticipation",103,"angel"
"disgust",3,"angel"
"fear",9,"angel"
"joy",13,"angel"
"negative",9,"angel"
"positive",17,"angel"
"surprise",1,"angel"
"trust",1,"angel"
"anger",87,"arin"
"anticipation",32,"arin"
"disgust",14,"arin"
"fear",15,"arin"
"joy",16,"arin"
"negative",51,"arin"
"positive",76,"arin"
"surprise",5,"arin"
"trust",5,"arin"
"anger",76,"boma"
"anticipation",111,"boma"
"disgust",7,"boma"
"fear",12,"boma"
"joy",34,"boma"
"negative",31,"boma"
"positive",127,"boma"
"sadness",4,"boma"
"surprise",8,"boma"
"trust",26,"boma"
"anger",57,"beatrice"
"anticipation",61,"beatrice"
"disgust",1,"beatrice"
"fear",5,"beatrice"
"joy",20,"beatrice"
"negative",15,"beatrice"
"positive",42,"beatrice"
"sadness",5,"beatrice"
"surprise",5,"beatrice"
"trust",5,"beatrice"
"anger",176,"cross"
"anticipation",68,"cross"
"disgust",8,"cross"
"fear",1,"cross"
"joy",39,"cross"
"negative",5,"cross"
"positive",32,"cross"
"surprise",3,"cross"
"trust",12,"cross"
"anger",22,"emmanuel"
"anticipation",27,"emmanuel"
"disgust",7,"emmanuel"
"fear",3,"emmanuel"
"joy",8,"emmanuel"
"negative",17,"emmanuel"
"positive",26,"emmanuel"
"sadness",4,"emmanuel"
"surprise",2,"emmanuel"
"trust",2,"emmanuel"
"anger",114,"jackie"
"anticipation",138,"jackie"
"disgust",16,"jackie"
"fear",15,"jackie"
"joy",148,"jackie"
"negative",66,"jackie"
"positive",148,"jackie"
"surprise",7,"jackie"
"trust",20,"jackie"
"anger",84,"liquorose"
"anticipation",99,"liquorose"
"disgust",5,"liquorose"
"fear",14,"liquorose"
"joy",68,"liquorose"
"negative",39,"liquorose"
"positive",117,"liquorose"
"surprise",8,"liquorose"
"trust",18,"liquorose"
"anger",8,"jaypaul"
"anticipation",14,"jaypaul"
"disgust",2,"jaypaul"
"joy",4,"jaypaul"
"negative",5,"jaypaul"
"positive",17,"jaypaul"
"trust",3,"jaypaul"
"anger",14,"nini"
"anticipation",19,"nini"
"disgust",2,"nini"
"fear",3,"nini"
"joy",24,"nini"
"negative",9,"nini"
"positive",13,"nini"
"trust",4,"nini"
"anger",9,"peace"
"anticipation",90,"peace"
"disgust",1,"peace"
"fear",4,"peace"
"joy",10,"peace"
"negative",7,"peace"
"positive",16,"peace"
"surprise",2,"peace"
"trust",2,"peace"
"anger",14,"princess"
"anticipation",3,"princess"
"joy",5,"princess"
"positive",22,"princess"
"surprise",1,"princess"
"anger",18,"saga"
"anticipation",29,"saga"
"disgust",1,"saga"
"fear",3,"saga"
"joy",10,"saga"
"negative",5,"saga"
"positive",33,"saga"
"trust",1,"saga"
"anger",1,"sammie"
"anticipation",14,"sammie"
"disgust",1,"sammie"
"fear",4,"sammie"
"joy",3,"sammie"
"negative",3,"sammie"
"positive",11,"sammie"
"anger",6,"saskay"
"anticipation",10,"saskay"
"disgust",1,"saskay"
"fear",5,"saskay"
"joy",16,"saskay"
"negative",6,"saskay"
"positive",10,"saskay"
"surprise",1,"saskay"
"trust",2,"saskay"
"anger",24,"tega"
"anticipation",31,"tega"
"disgust",3,"tega"
"fear",1,"tega"
"joy",14,"tega"
"negative",2,"tega"
"positive",16,"tega"
"surprise",1,"tega"
"anger",330,"whitemoney"
"anticipation",202,"whitemoney"
"disgust",25,"whitemoney"
"fear",29,"whitemoney"
"joy",86,"whitemoney"
"negative",118,"whitemoney"
"positive",181,"whitemoney"
"sadness",1,"whitemoney"
"surprise",10,"whitemoney"
"trust",18,"whitemoney"
"anger",253,"maria"
"anticipation",221,"maria"
"disgust",28,"maria"
"fear",30,"maria"
"joy",125,"maria"
"negative",116,"maria"
"positive",170,"maria"
"surprise",19,"maria"
"trust",31,"maria"
"anger",178,"pere"
"anticipation",159,"pere"
"disgust",39,"pere"
"fear",32,"pere"
"joy",93,"pere"
"negative",156,"pere"
"positive",139,"pere"
"sadness",1,"pere"
"surprise",12,"pere"
"trust",16,"pere"
"anger",5,"niyi"
"anticipation",26,"niyi"
"disgust",1,"niyi"
"fear",2,"niyi"
"joy",10,"niyi"
"negative",11,"niyi"
"positive",45,"niyi"
"surprise",7,"niyi"
"anger",50,"angel"
"anticipation",273,"angel"
"disgust",12,"angel"
"fear",11,"angel"
"joy",20,"angel"
"negative",17,"angel"
"positive",63,"angel"
"surprise",1,"angel"
"trust",6,"angel"
"anger",44,"arin"
"anticipation",66,"arin"
"disgust",5,"arin"
"fear",10,"arin"
"joy",33,"arin"
"negative",25,"arin"
"positive",70,"arin"
"surprise",4,"arin"
"anger",54,"boma"
"anticipation",93,"boma"
"disgust",5,"boma"
"fear",10,"boma"
"joy",23,"boma"
"negative",28,"boma"
"positive",100,"boma"
"sadness",5,"boma"
"surprise",6,"boma"
"trust",19,"boma"
"anger",63,"beatrice"
"anticipation",61,"beatrice"
"disgust",6,"beatrice"
"fear",8,"beatrice"
"joy",21,"beatrice"
"negative",30,"beatrice"
"positive",51,"beatrice"
"sadness",5,"beatrice"
"surprise",4,"beatrice"
"trust",7,"beatrice"
"anger",169,"cross"
"anticipation",65,"cross"
"disgust",6,"cross"
"fear",4,"cross"
"joy",36,"cross"
"negative",6,"cross"
"positive",29,"cross"
"trust",10,"cross"
"anger",24,"emmanuel"
"anticipation",34,"emmanuel"
"disgust",15,"emmanuel"
"fear",2,"emmanuel"
"joy",13,"emmanuel"
"negative",15,"emmanuel"
"positive",28,"emmanuel"
"surprise",2,"emmanuel"
"anger",42,"jackie"
"anticipation",52,"jackie"
"disgust",7,"jackie"
"fear",6,"jackie"
"joy",40,"jackie"
"negative",15,"jackie"
"positive",39,"jackie"
"surprise",3,"jackie"
"trust",8,"jackie"
"anger",82,"liquorose"
"anticipation",118,"liquorose"
"disgust",5,"liquorose"
"fear",14,"liquorose"
"joy",86,"liquorose"
"negative",41,"liquorose"
"positive",126,"liquorose"
"surprise",11,"liquorose"
"trust",13,"liquorose"
"anger",4,"jaypaul"
"anticipation",7,"jaypaul"
"disgust",2,"jaypaul"
"joy",2,"jaypaul"
"negative",3,"jaypaul"
"positive",14,"jaypaul"
"trust",2,"jaypaul"
"anger",40,"nini"
"anticipation",37,"nini"
"disgust",3,"nini"
"fear",5,"nini"
"joy",35,"nini"
"negative",26,"nini"
"positive",29,"nini"
"trust",9,"nini"
"anger",47,"peace"
"anticipation",425,"peace"
"disgust",10,"peace"
"fear",8,"peace"
"joy",31,"peace"
"negative",37,"peace"
"positive",84,"peace"
"surprise",2,"peace"
"trust",3,"peace"
"anger",5,"princess"
"joy",3,"princess"
"positive",11,"princess"
"surprise",1,"princess"
"anger",58,"saga"
"anticipation",79,"saga"
"disgust",20,"saga"
"fear",9,"saga"
"joy",69,"saga"
"negative",41,"saga"
"positive",82,"saga"
"surprise",3,"saga"
"trust",9,"saga"
"anger",16,"sammie"
"anticipation",155,"sammie"
"disgust",19,"sammie"
"fear",7,"sammie"
"joy",11,"sammie"
"negative",11,"sammie"
"positive",63,"sammie"
"surprise",2,"sammie"
"trust",1,"sammie"
"anger",13,"saskay"
"anticipation",7,"saskay"
"disgust",1,"saskay"
"fear",3,"saskay"
"joy",14,"saskay"
"negative",3,"saskay"
"positive",13,"saskay"
"trust",3,"saskay"
"anger",49,"tega"
"anticipation",95,"tega"
"disgust",12,"tega"
"fear",4,"tega"
"joy",39,"tega"
"negative",10,"tega"
"positive",89,"tega"
"surprise",5,"tega"
"anger",194,"whitemoney"
"anticipation",412,"whitemoney"
"disgust",9,"whitemoney"
"fear",29,"whitemoney"
"joy",79,"whitemoney"
"negative",69,"whitemoney"
"positive",147,"whitemoney"
"sadness",5,"whitemoney"
"surprise",7,"whitemoney"
"trust",166,"whitemoney"
"anger",151,"maria"
"anticipation",396,"maria"
"disgust",10,"maria"
"fear",23,"maria"
"joy",90,"maria"
"negative",71,"maria"
"positive",111,"maria"
"sadness",2,"maria"
"surprise",10,"maria"
"trust",158,"maria"
"anger",78,"pere"
"anticipation",70,"pere"
"disgust",8,"pere"
"fear",25,"pere"
"joy",66,"pere"
"negative",48,"pere"
"positive",84,"pere"
"sadness",2,"pere"
"surprise",5,"pere"
"trust",13,"pere"
"anger",11,"niyi"
"anticipation",21,"niyi"
"fear",1,"niyi"
"joy",1,"niyi"
"negative",7,"niyi"
"positive",14,"niyi"
"surprise",2,"niyi"
"trust",1,"niyi"
"anger",31,"angel"
"anticipation",260,"angel"
"disgust",7,"angel"
"fear",8,"angel"
"joy",65,"angel"
"negative",15,"angel"
"positive",49,"angel"
"surprise",1,"angel"
"trust",7,"angel"
"anger",31,"arin"
"anticipation",35,"arin"
"disgust",6,"arin"
"fear",10,"arin"
"joy",22,"arin"
"negative",11,"arin"
"positive",31,"arin"
"sadness",2,"arin"
"surprise",2,"arin"
"anger",38,"boma"
"anticipation",59,"boma"
"disgust",2,"boma"
"fear",3,"boma"
"joy",24,"boma"
"negative",14,"boma"
"positive",84,"boma"
"surprise",2,"boma"
"trust",7,"boma"
"anger",59,"beatrice"
"anticipation",35,"beatrice"
"disgust",6,"beatrice"
"fear",4,"beatrice"
"joy",26,"beatrice"
"negative",34,"beatrice"
"positive",47,"beatrice"
"sadness",1,"beatrice"
"surprise",4,"beatrice"
"trust",3,"beatrice"
"anger",102,"cross"
"anticipation",32,"cross"
"disgust",5,"cross"
"fear",9,"cross"
"joy",19,"cross"
"negative",7,"cross"
"positive",23,"cross"
"sadness",2,"cross"
"surprise",1,"cross"
"trust",8,"cross"
"anger",121,"emmanuel"
"anticipation",124,"emmanuel"
"disgust",29,"emmanuel"
"fear",14,"emmanuel"
"joy",107,"emmanuel"
"negative",121,"emmanuel"
"positive",147,"emmanuel"
"sadness",2,"emmanuel"
"surprise",5,"emmanuel"
"trust",30,"emmanuel"
"anger",14,"jackie"
"anticipation",21,"jackie"
"disgust",1,"jackie"
"fear",1,"jackie"
"joy",12,"jackie"
"negative",9,"jackie"
"positive",10,"jackie"
"surprise",3,"jackie"
"trust",9,"jackie"
"anger",159,"liquorose"
"anticipation",226,"liquorose"
"disgust",20,"liquorose"
"fear",30,"liquorose"
"joy",313,"liquorose"
"negative",107,"liquorose"
"positive",268,"liquorose"
"sadness",4,"liquorose"
"surprise",14,"liquorose"
"trust",43,"liquorose"
"anger",1,"jaypaul"
"anticipation",7,"jaypaul"
"joy",2,"jaypaul"
"positive",11,"jaypaul"
"surprise",2,"jaypaul"
"anger",43,"nini"
"anticipation",44,"nini"
"disgust",1,"nini"
"fear",3,"nini"
"joy",38,"nini"
"negative",16,"nini"
"positive",28,"nini"
"trust",9,"nini"
"anticipation",44,"peace"
"disgust",3,"peace"
"fear",1,"peace"
"joy",3,"peace"
"negative",6,"peace"
"positive",8,"peace"
"anger",7,"princess"
"anticipation",3,"princess"
"disgust",1,"princess"
"fear",2,"princess"
"joy",5,"princess"
"negative",8,"princess"
"positive",69,"princess"
"sadness",1,"princess"
"anger",81,"saga"
"anticipation",93,"saga"
"disgust",26,"saga"
"fear",11,"saga"
"joy",110,"saga"
"negative",52,"saga"
"positive",101,"saga"
"surprise",5,"saga"
"trust",17,"saga"
"anger",7,"sammie"
"anticipation",29,"sammie"
"disgust",7,"sammie"
"fear",2,"sammie"
"joy",2,"sammie"
"negative",5,"sammie"
"positive",15,"sammie"
"sadness",1,"sammie"
"surprise",1,"sammie"
"trust",1,"sammie"
"anger",4,"saskay"
"anticipation",23,"saskay"
"disgust",1,"saskay"
"fear",2,"saskay"
"joy",19,"saskay"
"negative",2,"saskay"
"positive",12,"saskay"
"trust",3,"saskay"
"anger",9,"tega"
"anticipation",17,"tega"
"disgust",2,"tega"
"fear",1,"tega"
"joy",6,"tega"
"negative",3,"tega"
"positive",18,"tega"
"surprise",1,"tega"
"anger",286,"whitemoney"
"anticipation",420,"whitemoney"
"disgust",25,"whitemoney"
"fear",54,"whitemoney"
"joy",192,"whitemoney"
"negative",177,"whitemoney"
"positive",432,"whitemoney"
"sadness",47,"whitemoney"
"surprise",19,"whitemoney"
"trust",63,"whitemoney"
"anger",140,"maria"
"anticipation",136,"maria"
"disgust",9,"maria"
"fear",21,"maria"
"joy",58,"maria"
"negative",74,"maria"
"positive",113,"maria"
"sadness",6,"maria"
"surprise",2,"maria"
"trust",26,"maria"
"anger",112,"pere"
"anticipation",84,"pere"
"disgust",12,"pere"
"fear",16,"pere"
"joy",55,"pere"
"negative",72,"pere"
"positive",99,"pere"
"sadness",3,"pere"
"surprise",4,"pere"
"trust",12,"pere"
"anger",17,"niyi"
"anticipation",22,"niyi"
"fear",2,"niyi"
"joy",7,"niyi"
"negative",8,"niyi"
"positive",15,"niyi"
"anger",48,"angel"
"anticipation",325,"angel"
"disgust",12,"angel"
"fear",12,"angel"
"joy",99,"angel"
"negative",16,"angel"
"positive",53,"angel"
"trust",10,"angel"
"anger",21,"arin"
"anticipation",36,"arin"
"disgust",7,"arin"
"fear",23,"arin"
"joy",15,"arin"
"negative",15,"arin"
"positive",31,"arin"
"sadness",4,"arin"
"anger",28,"boma"
"anticipation",37,"boma"
"disgust",1,"boma"
"fear",3,"boma"
"joy",10,"boma"
"negative",5,"boma"
"positive",42,"boma"
"sadness",1,"boma"
"trust",6,"boma"
"anger",23,"beatrice"
"anticipation",29,"beatrice"
"disgust",1,"beatrice"
"fear",1,"beatrice"
"joy",10,"beatrice"
"negative",6,"beatrice"
"positive",15,"beatrice"
"surprise",2,"beatrice"
"anger",103,"cross"
"anticipation",48,"cross"
"disgust",8,"cross"
"fear",6,"cross"
"joy",18,"cross"
"negative",11,"cross"
"positive",23,"cross"
"sadness",2,"cross"
"surprise",2,"cross"
"trust",3,"cross"
"anger",59,"emmanuel"
"anticipation",71,"emmanuel"
"disgust",15,"emmanuel"
"fear",10,"emmanuel"
"joy",32,"emmanuel"
"negative",42,"emmanuel"
"positive",60,"emmanuel"
"sadness",1,"emmanuel"
"surprise",1,"emmanuel"
"trust",25,"emmanuel"
"anger",7,"jackie"
"anticipation",6,"jackie"
"fear",3,"jackie"
"joy",9,"jackie"
"negative",7,"jackie"
"positive",14,"jackie"
"surprise",2,"jackie"
"trust",5,"jackie"
"anger",95,"liquorose"
"anticipation",185,"liquorose"
"disgust",10,"liquorose"
"fear",27,"liquorose"
"joy",225,"liquorose"
"negative",67,"liquorose"
"positive",187,"liquorose"
"sadness",6,"liquorose"
"surprise",10,"liquorose"
"trust",34,"liquorose"
"anger",7,"jaypaul"
"anticipation",4,"jaypaul"
"fear",1,"jaypaul"
"negative",1,"jaypaul"
"positive",6,"jaypaul"
"anger",11,"nini"
"anticipation",16,"nini"
"fear",4,"nini"
"joy",15,"nini"
"negative",4,"nini"
"positive",15,"nini"
"trust",7,"nini"
"anger",8,"peace"
"anticipation",52,"peace"
"disgust",3,"peace"
"joy",4,"peace"
"negative",3,"peace"
"positive",16,"peace"
"anger",1,"princess"
"anticipation",1,"princess"
"joy",2,"princess"
"positive",10,"princess"
"anger",14,"saga"
"anticipation",30,"saga"
"disgust",4,"saga"
"fear",1,"saga"
"joy",18,"saga"
"negative",10,"saga"
"positive",29,"saga"
"sadness",1,"saga"
"trust",7,"saga"
"anger",12,"sammie"
"anticipation",45,"sammie"
"disgust",1,"sammie"
"fear",2,"sammie"
"joy",5,"sammie"
"negative",10,"sammie"
"positive",15,"sammie"
"sadness",1,"sammie"
"trust",1,"sammie"
"anger",4,"saskay"
"anticipation",9,"saskay"
"joy",16,"saskay"
"negative",15,"saskay"
"positive",7,"saskay"
"sadness",1,"saskay"
"anger",7,"tega"
"anticipation",13,"tega"
"joy",1,"tega"
"negative",2,"tega"
"positive",11,"tega"
"anger",228,"whitemoney"
"anticipation",311,"whitemoney"
"disgust",18,"whitemoney"
"fear",45,"whitemoney"
"joy",158,"whitemoney"
"negative",108,"whitemoney"
"positive",320,"whitemoney"
"sadness",28,"whitemoney"
"surprise",14,"whitemoney"
"trust",28,"whitemoney"
"anger",233,"maria"
"anticipation",269,"maria"
"disgust",25,"maria"
"fear",67,"maria"
"joy",184,"maria"
"negative",125,"maria"
"positive",197,"maria"
"sadness",6,"maria"
"surprise",8,"maria"
"trust",19,"maria"
"anger",220,"pere"
"anticipation",228,"pere"
"disgust",34,"pere"
"fear",63,"pere"
"joy",94,"pere"
"negative",140,"pere"
"positive",167,"pere"
"sadness",5,"pere"
"surprise",6,"pere"
"trust",15,"pere"
"anger",18,"niyi"
"anticipation",30,"niyi"
"fear",2,"niyi"
"joy",14,"niyi"
"negative",14,"niyi"
"positive",21,"niyi"
"trust",2,"niyi"
"anger",48,"angel"
"anticipation",211,"angel"
"disgust",9,"angel"
"fear",15,"angel"
"joy",44,"angel"
"negative",19,"angel"
"positive",38,"angel"
"sadness",1,"angel"
"surprise",3,"angel"
"trust",5,"angel"
"anger",28,"arin"
"anticipation",24,"arin"
"disgust",11,"arin"
"fear",15,"arin"
"joy",13,"arin"
"negative",17,"arin"
"positive",36,"arin"
"sadness",2,"arin"
"trust",5,"arin"
"anger",105,"boma"
"anticipation",92,"boma"
"disgust",25,"boma"
"fear",19,"boma"
"joy",32,"boma"
"negative",58,"boma"
"positive",113,"boma"
"sadness",1,"boma"
"surprise",13,"boma"
"trust",18,"boma"
"anger",72,"beatrice"
"anticipation",67,"beatrice"
"disgust",11,"beatrice"
"fear",15,"beatrice"
"joy",42,"beatrice"
"negative",33,"beatrice"
"positive",39,"beatrice"
"surprise",4,"beatrice"
"trust",8,"beatrice"
"anger",146,"cross"
"anticipation",69,"cross"
"disgust",9,"cross"
"fear",10,"cross"
"joy",31,"cross"
"negative",11,"cross"
"positive",29,"cross"
"sadness",2,"cross"
"surprise",2,"cross"
"trust",3,"cross"
"anger",38,"emmanuel"
"anticipation",40,"emmanuel"
"disgust",9,"emmanuel"
"fear",4,"emmanuel"
"joy",16,"emmanuel"
"negative",19,"emmanuel"
"positive",42,"emmanuel"
"sadness",1,"emmanuel"
"trust",19,"emmanuel"
"anger",22,"jackie"
"anticipation",42,"jackie"
"disgust",1,"jackie"
"fear",9,"jackie"
"joy",16,"jackie"
"negative",13,"jackie"
"positive",31,"jackie"
"surprise",1,"jackie"
"trust",5,"jackie"
"anger",62,"liquorose"
"anticipation",122,"liquorose"
"disgust",4,"liquorose"
"fear",15,"liquorose"
"joy",118,"liquorose"
"negative",41,"liquorose"
"positive",118,"liquorose"
"sadness",1,"liquorose"
"surprise",4,"liquorose"
"trust",29,"liquorose"
"anger",1,"jaypaul"
"anticipation",1,"jaypaul"
"negative",3,"jaypaul"
"positive",3,"jaypaul"
"anger",13,"nini"
"anticipation",18,"nini"
"disgust",2,"nini"
"fear",3,"nini"
"joy",18,"nini"
"negative",11,"nini"
"positive",28,"nini"
"trust",4,"nini"
"anger",7,"peace"
"anticipation",50,"peace"
"disgust",3,"peace"
"joy",6,"peace"
"negative",4,"peace"
"positive",14,"peace"
"anger",2,"princess"
"anticipation",5,"princess"
"joy",3,"princess"
"negative",2,"princess"
"positive",13,"princess"
"trust",1,"princess"
"anger",10,"saga"
"anticipation",9,"saga"
"disgust",7,"saga"
"fear",2,"saga"
"joy",14,"saga"
"negative",17,"saga"
"positive",27,"saga"
"sadness",1,"saga"
"trust",4,"saga"
"anger",6,"sammie"
"anticipation",37,"sammie"
"disgust",10,"sammie"
"joy",6,"sammie"
"negative",4,"sammie"
"positive",12,"sammie"
"surprise",1,"sammie"
"trust",1,"sammie"
"anger",5,"saskay"
"anticipation",16,"saskay"
"fear",2,"saskay"
"joy",29,"saskay"
"negative",18,"saskay"
"positive",8,"saskay"
"sadness",1,"saskay"
"trust",1,"saskay"
"anger",7,"tega"
"anticipation",11,"tega"
"disgust",2,"tega"
"fear",1,"tega"
"joy",6,"tega"
"negative",2,"tega"
"positive",7,"tega"
"surprise",1,"tega"
"anger",160,"whitemoney"
"anticipation",163,"whitemoney"
"disgust",7,"whitemoney"
"fear",21,"whitemoney"
"joy",66,"whitemoney"
"negative",61,"whitemoney"
"positive",175,"whitemoney"
"sadness",11,"whitemoney"
"surprise",6,"whitemoney"
"trust",25,"whitemoney"
"anger",184,"maria"
"anticipation",319,"maria"
"disgust",19,"maria"
"fear",81,"maria"
"joy",232,"maria"
"negative",77,"maria"
"positive",241,"maria"
"sadness",3,"maria"
"surprise",18,"maria"
"trust",22,"maria"
"anger",231,"pere"
"anticipation",248,"pere"
"disgust",30,"pere"
"fear",101,"pere"
"joy",129,"pere"
"negative",132,"pere"
"positive",296,"pere"
"sadness",2,"pere"
"surprise",12,"pere"
"trust",29,"pere"
"anger",17,"niyi"
"anticipation",15,"niyi"
"disgust",2,"niyi"
"joy",5,"niyi"
"negative",7,"niyi"
"positive",10,"niyi"
"sadness",1,"niyi"
"trust",3,"niyi"
"anger",51,"angel"
"anticipation",192,"angel"
"disgust",6,"angel"
"fear",12,"angel"
"joy",22,"angel"
"negative",12,"angel"
"positive",18,"angel"
"surprise",2,"angel"
"trust",4,"angel"
"anger",23,"arin"
"anticipation",23,"arin"
"disgust",7,"arin"
"fear",14,"arin"
"joy",15,"arin"
"negative",16,"arin"
"positive",15,"arin"
"trust",4,"arin"
"anger",117,"boma"
"anticipation",94,"boma"
"disgust",32,"boma"
"fear",17,"boma"
"joy",35,"boma"
"negative",61,"boma"
"positive",119,"boma"
"surprise",15,"boma"
"trust",27,"boma"
"anger",261,"beatrice"
"anticipation",259,"beatrice"
"disgust",22,"beatrice"
"fear",37,"beatrice"
"joy",186,"beatrice"
"negative",64,"beatrice"
"positive",144,"beatrice"
"sadness",6,"beatrice"
"surprise",13,"beatrice"
"trust",18,"beatrice"
"anger",142,"cross"
"anticipation",73,"cross"
"disgust",6,"cross"
"fear",4,"cross"
"joy",18,"cross"
"negative",10,"cross"
"positive",24,"cross"
"surprise",1,"cross"
"trust",3,"cross"
"anger",54,"emmanuel"
"anticipation",79,"emmanuel"
"disgust",14,"emmanuel"
"fear",5,"emmanuel"
"joy",32,"emmanuel"
"negative",23,"emmanuel"
"positive",62,"emmanuel"
"sadness",1,"emmanuel"
"trust",13,"emmanuel"
"anger",28,"jackie"
"anticipation",29,"jackie"
"disgust",6,"jackie"
"fear",6,"jackie"
"joy",22,"jackie"
"negative",15,"jackie"
"positive",22,"jackie"
"trust",3,"jackie"
"anger",60,"liquorose"
"anticipation",116,"liquorose"
"disgust",6,"liquorose"
"fear",16,"liquorose"
"joy",100,"liquorose"
"negative",54,"liquorose"
"positive",111,"liquorose"
"surprise",1,"liquorose"
"trust",15,"liquorose"
"anger",14,"jaypaul"
"anticipation",27,"jaypaul"
"fear",3,"jaypaul"
"joy",11,"jaypaul"
"negative",5,"jaypaul"
"positive",30,"jaypaul"
"trust",2,"jaypaul"
"anger",26,"nini"
"anticipation",42,"nini"
"disgust",5,"nini"
"fear",12,"nini"
"joy",36,"nini"
"negative",27,"nini"
"positive",26,"nini"
"trust",1,"nini"
"anger",7,"peace"
"anticipation",25,"peace"
"disgust",2,"peace"
"fear",3,"peace"
"joy",7,"peace"
"negative",2,"peace"
"positive",7,"peace"
"sadness",1,"peace"
"anger",14,"princess"
"anticipation",14,"princess"
"disgust",2,"princess"
"fear",3,"princess"
"joy",10,"princess"
"negative",11,"princess"
"positive",75,"princess"
"surprise",2,"princess"
"trust",4,"princess"
"anger",20,"saga"
"anticipation",38,"saga"
"disgust",4,"saga"
"fear",3,"saga"
"joy",32,"saga"
"negative",14,"saga"
"positive",35,"saga"
"surprise",3,"saga"
"trust",3,"saga"
"anger",10,"sammie"
"anticipation",38,"sammie"
"disgust",4,"sammie"
"fear",3,"sammie"
"joy",9,"sammie"
"negative",3,"sammie"
"positive",8,"sammie"
"trust",1,"sammie"
"anger",15,"saskay"
"anticipation",40,"saskay"
"disgust",3,"saskay"
"fear",8,"saskay"
"joy",23,"saskay"
"negative",6,"saskay"
"positive",27,"saskay"
"surprise",1,"saskay"
"trust",4,"saskay"
"anger",12,"tega"
"anticipation",44,"tega"
"disgust",2,"tega"
"fear",3,"tega"
"joy",7,"tega"
"negative",6,"tega"
"positive",22,"tega"
"surprise",1,"tega"
"trust",2,"tega"
"anger",256,"whitemoney"
"anticipation",236,"whitemoney"
"disgust",28,"whitemoney"
"fear",28,"whitemoney"
"joy",101,"whitemoney"
"negative",111,"whitemoney"
"positive",243,"whitemoney"
"sadness",5,"whitemoney"
"surprise",12,"whitemoney"
"trust",48,"whitemoney"
"anger",115,"maria"
"anticipation",179,"maria"
"disgust",15,"maria"
"fear",35,"maria"
"joy",137,"maria"
"negative",47,"maria"
"positive",126,"maria"
"sadness",1,"maria"
"surprise",6,"maria"
"trust",28,"maria"
"anger",235,"pere"
"anticipation",208,"pere"
"disgust",53,"pere"
"fear",61,"pere"
"joy",63,"pere"
"negative",154,"pere"
"positive",240,"pere"
"sadness",3,"pere"
"surprise",8,"pere"
"trust",44,"pere"
"anger",16,"niyi"
"anticipation",20,"niyi"
"disgust",1,"niyi"
"joy",8,"niyi"
"negative",16,"niyi"
"positive",21,"niyi"
"surprise",1,"niyi"
"trust",3,"niyi"
"anger",35,"angel"
"anticipation",170,"angel"
"disgust",5,"angel"
"fear",9,"angel"
"joy",25,"angel"
"negative",18,"angel"
"positive",26,"angel"
"surprise",2,"angel"
"trust",7,"angel"
"anger",26,"arin"
"anticipation",66,"arin"
"fear",17,"arin"
"joy",37,"arin"
"negative",39,"arin"
"positive",40,"arin"
"sadness",1,"arin"
"trust",5,"arin"
"anger",26,"boma"
"anticipation",36,"boma"
"disgust",2,"boma"
"fear",3,"boma"
"joy",16,"boma"
"negative",13,"boma"
"positive",16,"boma"
"surprise",1,"boma"
"trust",11,"boma"
"anger",279,"beatrice"
"anticipation",354,"beatrice"
"disgust",17,"beatrice"
"fear",35,"beatrice"
"joy",257,"beatrice"
"negative",81,"beatrice"
"positive",207,"beatrice"
"sadness",4,"beatrice"
"surprise",20,"beatrice"
"trust",24,"beatrice"
"anger",130,"cross"
"anticipation",31,"cross"
"disgust",2,"cross"
"fear",5,"cross"
"joy",30,"cross"
"negative",9,"cross"
"positive",10,"cross"
"surprise",1,"cross"
"trust",2,"cross"
"anger",59,"emmanuel"
"anticipation",74,"emmanuel"
"disgust",17,"emmanuel"
"fear",8,"emmanuel"
"joy",38,"emmanuel"
"negative",27,"emmanuel"
"positive",48,"emmanuel"
"sadness",2,"emmanuel"
"surprise",2,"emmanuel"
"trust",9,"emmanuel"
"anger",15,"jackie"
"anticipation",32,"jackie"
"disgust",5,"jackie"
"fear",6,"jackie"
"joy",49,"jackie"
"negative",10,"jackie"
"positive",21,"jackie"
"surprise",1,"jackie"
"trust",33,"jackie"
"anger",43,"liquorose"
"anticipation",67,"liquorose"
"disgust",5,"liquorose"
"fear",15,"liquorose"
"joy",65,"liquorose"
"negative",13,"liquorose"
"positive",72,"liquorose"
"sadness",2,"liquorose"
"trust",19,"liquorose"
"anger",26,"jaypaul"
"anticipation",46,"jaypaul"
"fear",5,"jaypaul"
"joy",21,"jaypaul"
"negative",7,"jaypaul"
"positive",43,"jaypaul"
"trust",2,"jaypaul"
"anger",10,"nini"
"anticipation",24,"nini"
"disgust",1,"nini"
"fear",2,"nini"
"joy",13,"nini"
"negative",5,"nini"
"positive",18,"nini"
"trust",3,"nini"
"anger",6,"peace"
"anticipation",75,"peace"
"fear",10,"peace"
"joy",11,"peace"
"negative",11,"peace"
"positive",11,"peace"
"trust",2,"peace"
"anger",16,"princess"
"anticipation",22,"princess"
"disgust",2,"princess"
"fear",6,"princess"
"joy",14,"princess"
"negative",17,"princess"
"positive",112,"princess"
"sadness",1,"princess"
"surprise",1,"princess"
"trust",7,"princess"
"anger",21,"saga"
"anticipation",32,"saga"
"disgust",2,"saga"
"fear",5,"saga"
"joy",29,"saga"
"negative",15,"saga"
"positive",38,"saga"
"surprise",2,"saga"
"trust",8,"saga"
"anger",13,"sammie"
"anticipation",14,"sammie"
"disgust",7,"sammie"
"fear",2,"sammie"
"joy",3,"sammie"
"negative",2,"sammie"
"positive",12,"sammie"
"anger",26,"saskay"
"anticipation",36,"saskay"
"disgust",4,"saskay"
"fear",13,"saskay"
"joy",18,"saskay"
"negative",13,"saskay"
"positive",27,"saskay"
"surprise",1,"saskay"
"trust",4,"saskay"
"anger",9,"tega"
"anticipation",18,"tega"
"disgust",1,"tega"
"joy",7,"tega"
"negative",5,"tega"
"positive",10,"tega"
"trust",2,"tega"
"anger",189,"whitemoney"
"anticipation",199,"whitemoney"
"disgust",23,"whitemoney"
"fear",27,"whitemoney"
"joy",84,"whitemoney"
"negative",58,"whitemoney"
"positive",183,"whitemoney"
"sadness",3,"whitemoney"
"surprise",14,"whitemoney"
"trust",27,"whitemoney"
"anger",101,"maria"
"anticipation",133,"maria"
"disgust",9,"maria"
"fear",16,"maria"
"joy",100,"maria"
"negative",30,"maria"
"positive",107,"maria"
"sadness",1,"maria"
"surprise",3,"maria"
"trust",14,"maria"
"anger",69,"pere"
"anticipation",83,"pere"
"disgust",9,"pere"
"fear",23,"pere"
"joy",22,"pere"
"negative",29,"pere"
"positive",101,"pere"
"sadness",4,"pere"
"surprise",9,"pere"
"trust",3,"pere"
"anger",16,"niyi"
"anticipation",15,"niyi"
"disgust",2,"niyi"
"fear",1,"niyi"
"joy",8,"niyi"
"negative",6,"niyi"
"positive",11,"niyi"
"surprise",1,"niyi"
"anger",260,"angel"
"anticipation",990,"angel"
"disgust",19,"angel"
"fear",48,"angel"
"joy",129,"angel"
"negative",61,"angel"
"positive",103,"angel"
"surprise",8,"angel"
"trust",10,"angel"
"anger",50,"arin"
"anticipation",126,"arin"
"disgust",8,"arin"
"fear",15,"arin"
"joy",66,"arin"
"negative",43,"arin"
"positive",97,"arin"
"sadness",3,"arin"
"surprise",4,"arin"
"trust",8,"arin"
"anger",19,"boma"
"anticipation",17,"boma"
"disgust",2,"boma"
"fear",3,"boma"
"joy",10,"boma"
"negative",10,"boma"
"positive",16,"boma"
"surprise",2,"boma"
"trust",9,"boma"
"anger",60,"beatrice"
"anticipation",57,"beatrice"
"disgust",1,"beatrice"
"fear",8,"beatrice"
"joy",39,"beatrice"
"negative",23,"beatrice"
"positive",42,"beatrice"
"surprise",5,"beatrice"
"trust",5,"beatrice"
"anger",447,"cross"
"anticipation",150,"cross"
"disgust",15,"cross"
"fear",12,"cross"
"joy",33,"cross"
"negative",23,"cross"
"positive",47,"cross"
"surprise",2,"cross"
"trust",6,"cross"
"anger",38,"emmanuel"
"anticipation",40,"emmanuel"
"disgust",7,"emmanuel"
"fear",4,"emmanuel"
"joy",14,"emmanuel"
"negative",9,"emmanuel"
"positive",35,"emmanuel"
"surprise",1,"emmanuel"
"trust",3,"emmanuel"
"anger",25,"jackie"
"anticipation",32,"jackie"
"disgust",2,"jackie"
"fear",9,"jackie"
"joy",21,"jackie"
"negative",23,"jackie"
"positive",37,"jackie"
"sadness",1,"jackie"
"surprise",2,"jackie"
"trust",6,"jackie"
"anger",106,"liquorose"
"anticipation",150,"liquorose"
"disgust",5,"liquorose"
"fear",22,"liquorose"
"joy",116,"liquorose"
"negative",21,"liquorose"
"positive",85,"liquorose"
"surprise",2,"liquorose"
"trust",3,"liquorose"
"anger",3,"jaypaul"
"anticipation",9,"jaypaul"
"disgust",2,"jaypaul"
"fear",2,"jaypaul"
"joy",2,"jaypaul"
"negative",9,"jaypaul"
"positive",7,"jaypaul"
"anger",24,"nini"
"anticipation",43,"nini"
"disgust",1,"nini"
"fear",3,"nini"
"joy",22,"nini"
"negative",18,"nini"
"positive",34,"nini"
"surprise",1,"nini"
"trust",2,"nini"
"anger",3,"peace"
"anticipation",77,"peace"
"disgust",1,"peace"
"fear",4,"peace"
"joy",5,"peace"
"negative",10,"peace"
"positive",4,"peace"
"anger",4,"princess"
"anticipation",6,"princess"
"fear",3,"princess"
"joy",3,"princess"
"negative",2,"princess"
"positive",27,"princess"
"anger",25,"saga"
"anticipation",20,"saga"
"disgust",3,"saga"
"fear",7,"saga"
"joy",30,"saga"
"negative",4,"saga"
"positive",40,"saga"
"trust",5,"saga"
"anger",24,"sammie"
"anticipation",89,"sammie"
"disgust",6,"sammie"
"fear",10,"sammie"
"joy",9,"sammie"
"negative",4,"sammie"
"positive",16,"sammie"
"surprise",1,"sammie"
"trust",2,"sammie"
"anger",7,"saskay"
"anticipation",17,"saskay"
"disgust",3,"saskay"
"joy",7,"saskay"
"negative",3,"saskay"
"positive",15,"saskay"
"sadness",1,"saskay"
"anger",44,"tega"
"anticipation",52,"tega"
"disgust",2,"tega"
"fear",6,"tega"
"joy",32,"tega"
"negative",5,"tega"
"positive",21,"tega"
"surprise",1,"tega"
"trust",3,"tega"
"anger",232,"whitemoney"
"anticipation",195,"whitemoney"
"disgust",31,"whitemoney"
"fear",42,"whitemoney"
"joy",161,"whitemoney"
"negative",88,"whitemoney"
"positive",207,"whitemoney"
"sadness",6,"whitemoney"
"surprise",13,"whitemoney"
"trust",22,"whitemoney"
"anger",51,"maria"
"anticipation",72,"maria"
"disgust",5,"maria"
"fear",7,"maria"
"joy",56,"maria"
"negative",28,"maria"
"positive",69,"maria"
"surprise",1,"maria"
"trust",4,"maria"
"anger",105,"pere"
"anticipation",69,"pere"
"disgust",8,"pere"
"fear",22,"pere"
"joy",18,"pere"
"negative",28,"pere"
"positive",93,"pere"
"sadness",4,"pere"
"surprise",2,"pere"
"trust",7,"pere"
"anger",21,"niyi"
"anticipation",13,"niyi"
"disgust",4,"niyi"
"fear",3,"niyi"
"joy",5,"niyi"
"negative",1,"niyi"
"positive",17,"niyi"
"anger",65,"angel"
"anticipation",310,"angel"
"disgust",6,"angel"
"fear",14,"angel"
"joy",56,"angel"
"negative",27,"angel"
"positive",32,"angel"
"surprise",4,"angel"
"trust",7,"angel"
"anger",53,"arin"
"anticipation",111,"arin"
"disgust",10,"arin"
"fear",27,"arin"
"joy",60,"arin"
"negative",68,"arin"
"positive",320,"arin"
"surprise",14,"arin"
"trust",20,"arin"
"anger",8,"boma"
"anticipation",9,"boma"
"disgust",2,"boma"
"fear",3,"boma"
"joy",4,"boma"
"negative",1,"boma"
"positive",7,"boma"
"anger",10,"beatrice"
"anticipation",14,"beatrice"
"disgust",1,"beatrice"
"fear",7,"beatrice"
"joy",10,"beatrice"
"negative",4,"beatrice"
"positive",20,"beatrice"
"anger",850,"cross"
"anticipation",146,"cross"
"disgust",42,"cross"
"fear",41,"cross"
"joy",97,"cross"
"negative",53,"cross"
"positive",130,"cross"
"sadness",1,"cross"
"surprise",1,"cross"
"trust",10,"cross"
"anger",19,"emmanuel"
"anticipation",20,"emmanuel"
"disgust",2,"emmanuel"
"fear",1,"emmanuel"
"joy",5,"emmanuel"
"negative",3,"emmanuel"
"positive",23,"emmanuel"
"trust",3,"emmanuel"
"anger",43,"jackie"
"anticipation",55,"jackie"
"disgust",5,"jackie"
"fear",6,"jackie"
"joy",29,"jackie"
"negative",23,"jackie"
"positive",57,"jackie"
"sadness",1,"jackie"
"surprise",2,"jackie"
"trust",2,"jackie"
"anger",82,"liquorose"
"anticipation",102,"liquorose"
"disgust",4,"liquorose"
"fear",56,"liquorose"
"joy",104,"liquorose"
"negative",52,"liquorose"
"positive",158,"liquorose"
"surprise",1,"liquorose"
"trust",13,"liquorose"
"anger",4,"jaypaul"
"anticipation",10,"jaypaul"
"fear",3,"jaypaul"
"joy",8,"jaypaul"
"negative",9,"jaypaul"
"positive",8,"jaypaul"
"surprise",1,"jaypaul"
"anger",26,"nini"
"anticipation",62,"nini"
"disgust",5,"nini"
"fear",7,"nini"
"joy",48,"nini"
"negative",22,"nini"
"positive",61,"nini"
"sadness",2,"nini"
"trust",6,"nini"
"anger",6,"peace"
"anticipation",75,"peace"
"fear",6,"peace"
"joy",13,"peace"
"negative",4,"peace"
"positive",13,"peace"
"sadness",1,"peace"
"anger",1,"princess"
"anticipation",4,"princess"
"fear",3,"princess"
"joy",1,"princess"
"negative",3,"princess"
"positive",14,"princess"
"anger",27,"saga"
"anticipation",27,"saga"
"disgust",10,"saga"
"fear",31,"saga"
"joy",28,"saga"
"negative",19,"saga"
"positive",106,"saga"
"sadness",4,"saga"
"surprise",3,"saga"
"trust",24,"saga"
"anger",57,"sammie"
"anticipation",58,"sammie"
"disgust",5,"sammie"
"fear",8,"sammie"
"joy",21,"sammie"
"negative",12,"sammie"
"positive",41,"sammie"
"surprise",6,"sammie"
"trust",2,"sammie"
"anticipation",2,"saskay"
"disgust",2,"saskay"
"joy",3,"saskay"
"positive",1,"saskay"
"anger",2,"tega"
"anticipation",11,"tega"
"fear",1,"tega"
"joy",4,"tega"
"negative",1,"tega"
"positive",9,"tega"
"surprise",1,"tega"
"anger",126,"whitemoney"
"anticipation",184,"whitemoney"
"disgust",10,"whitemoney"
"fear",21,"whitemoney"
"joy",107,"whitemoney"
"negative",58,"whitemoney"
"positive",150,"whitemoney"
"sadness",2,"whitemoney"
"surprise",21,"whitemoney"
"trust",19,"whitemoney"
"anger",94,"maria"
"anticipation",139,"maria"
"disgust",13,"maria"
"fear",23,"maria"
"joy",76,"maria"
"negative",66,"maria"
"positive",109,"maria"
"sadness",1,"maria"
"surprise",8,"maria"
"trust",22,"maria"
"anger",88,"pere"
"anticipation",87,"pere"
"disgust",6,"pere"
"fear",34,"pere"
"joy",41,"pere"
"negative",52,"pere"
"positive",82,"pere"
"surprise",2,"pere"
"trust",11,"pere"
"anger",7,"niyi"
"anticipation",7,"niyi"
"disgust",1,"niyi"
"fear",1,"niyi"
"joy",2,"niyi"
"negative",1,"niyi"
"positive",9,"niyi"
"trust",2,"niyi"
"anger",189,"angel"
"anticipation",874,"angel"
"disgust",29,"angel"
"fear",47,"angel"
"joy",132,"angel"
"negative",54,"angel"
"positive",123,"angel"
"surprise",5,"angel"
"trust",32,"angel"
"anger",20,"arin"
"anticipation",59,"arin"
"disgust",6,"arin"
"fear",7,"arin"
"joy",38,"arin"
"negative",26,"arin"
"positive",48,"arin"
"trust",3,"arin"
"anger",34,"boma"
"anticipation",124,"boma"
"disgust",2,"boma"
"fear",9,"boma"
"joy",27,"boma"
"negative",19,"boma"
"positive",87,"boma"
"sadness",1,"boma"
"surprise",8,"boma"
"trust",14,"boma"
"anger",94,"beatrice"
"anticipation",127,"beatrice"
"disgust",5,"beatrice"
"fear",17,"beatrice"
"joy",75,"beatrice"
"negative",25,"beatrice"
"positive",36,"beatrice"
"sadness",2,"beatrice"
"surprise",3,"beatrice"
"trust",6,"beatrice"
"anger",561,"cross"
"anticipation",157,"cross"
"disgust",32,"cross"
"fear",45,"cross"
"joy",66,"cross"
"negative",25,"cross"
"positive",67,"cross"
"sadness",4,"cross"
"surprise",1,"cross"
"trust",5,"cross"
"anger",33,"emmanuel"
"anticipation",55,"emmanuel"
"disgust",6,"emmanuel"
"fear",2,"emmanuel"
"joy",8,"emmanuel"
"negative",23,"emmanuel"
"positive",43,"emmanuel"
"surprise",3,"emmanuel"
"trust",9,"emmanuel"
"anger",63,"jackie"
"anticipation",149,"jackie"
"disgust",15,"jackie"
"fear",23,"jackie"
"joy",40,"jackie"
"negative",27,"jackie"
"positive",142,"jackie"
"sadness",2,"jackie"
"surprise",10,"jackie"
"trust",14,"jackie"
"anger",105,"liquorose"
"anticipation",145,"liquorose"
"disgust",20,"liquorose"
"fear",61,"liquorose"
"joy",93,"liquorose"
"negative",40,"liquorose"
"positive",151,"liquorose"
"sadness",2,"liquorose"
"surprise",2,"liquorose"
"trust",25,"liquorose"
"anger",3,"jaypaul"
"anticipation",15,"jaypaul"
"disgust",2,"jaypaul"
"fear",7,"jaypaul"
"joy",4,"jaypaul"
"negative",2,"jaypaul"
"positive",15,"jaypaul"
"surprise",3,"jaypaul"
"anger",36,"nini"
"anticipation",54,"nini"
"disgust",3,"nini"
"fear",12,"nini"
"joy",35,"nini"
"negative",15,"nini"
"positive",42,"nini"
"trust",11,"nini"
"anger",14,"peace"
"anticipation",140,"peace"
"disgust",8,"peace"
"fear",4,"peace"
"joy",6,"peace"
"negative",13,"peace"
"positive",16,"peace"
"surprise",1,"peace"
"trust",2,"peace"
"anger",1,"princess"
"anticipation",4,"princess"
"joy",1,"princess"
"negative",1,"princess"
"positive",5,"princess"
"anger",34,"saga"
"anticipation",106,"saga"
"disgust",19,"saga"
"fear",9,"saga"
"joy",36,"saga"
"negative",43,"saga"
"positive",67,"saga"
"surprise",9,"saga"
"trust",7,"saga"
"anger",56,"sammie"
"anticipation",215,"sammie"
"disgust",10,"sammie"
"fear",23,"sammie"
"joy",16,"sammie"
"negative",36,"sammie"
"positive",36,"sammie"
"surprise",7,"sammie"
"trust",1,"sammie"
"anger",10,"saskay"
"anticipation",8,"saskay"
"fear",1,"saskay"
"joy",12,"saskay"
"negative",1,"saskay"
"positive",4,"saskay"
"anger",16,"tega"
"anticipation",1,"tega"
"disgust",2,"tega"
"fear",5,"tega"
"joy",8,"tega"
"negative",6,"tega"
"positive",3,"tega"
"sadness",1,"tega"
"trust",1,"tega"
"anger",143,"whitemoney"
"anticipation",167,"whitemoney"
"disgust",11,"whitemoney"
"fear",23,"whitemoney"
"joy",117,"whitemoney"
"negative",64,"whitemoney"
"positive",168,"whitemoney"
"sadness",2,"whitemoney"
"surprise",16,"whitemoney"
"trust",19,"whitemoney"
"anger",183,"maria"
"anticipation",260,"maria"
"disgust",33,"maria"
"fear",75,"maria"
"joy",123,"maria"
"negative",124,"maria"
"positive",170,"maria"
"sadness",4,"maria"
"surprise",15,"maria"
"trust",29,"maria"
"anger",138,"pere"
"anticipation",189,"pere"
"disgust",20,"pere"
"fear",66,"pere"
"joy",81,"pere"
"negative",89,"pere"
"positive",139,"pere"
"sadness",6,"pere"
"surprise",11,"pere"
"trust",15,"pere"
"anger",4,"niyi"
"anticipation",4,"niyi"
"disgust",1,"niyi"
"negative",1,"niyi"
"positive",8,"niyi"
"trust",2,"niyi"
"anger",184,"angel"
"anticipation",786,"angel"
"disgust",31,"angel"
"fear",49,"angel"
"joy",97,"angel"
"negative",62,"angel"
"positive",114,"angel"
"sadness",1,"angel"
"surprise",9,"angel"
"trust",21,"angel"
"anger",49,"arin"
"anticipation",78,"arin"
"disgust",7,"arin"
"fear",5,"arin"
"joy",31,"arin"
"negative",47,"arin"
"positive",37,"arin"
"surprise",8,"arin"
"trust",1,"arin"
"anger",34,"boma"
"anticipation",134,"boma"
"disgust",2,"boma"
"fear",6,"boma"
"joy",25,"boma"
"negative",22,"boma"
"positive",87,"boma"
"sadness",1,"boma"
"surprise",7,"boma"
"trust",15,"boma"
"anger",103,"beatrice"
"anticipation",124,"beatrice"
"disgust",8,"beatrice"
"fear",17,"beatrice"
"joy",76,"beatrice"
"negative",36,"beatrice"
"positive",41,"beatrice"
"surprise",3,"beatrice"
"trust",6,"beatrice"
"anger",658,"cross"
"anticipation",193,"cross"
"disgust",37,"cross"
"fear",53,"cross"
"joy",75,"cross"
"negative",35,"cross"
"positive",80,"cross"
"sadness",4,"cross"
"surprise",4,"cross"
"trust",10,"cross"
"anger",32,"emmanuel"
"anticipation",64,"emmanuel"
"disgust",11,"emmanuel"
"fear",4,"emmanuel"
"joy",7,"emmanuel"
"negative",39,"emmanuel"
"positive",51,"emmanuel"
"sadness",2,"emmanuel"
"surprise",3,"emmanuel"
"trust",15,"emmanuel"
"anger",37,"jackie"
"anticipation",125,"jackie"
"disgust",6,"jackie"
"fear",15,"jackie"
"joy",32,"jackie"
"negative",19,"jackie"
"positive",96,"jackie"
"surprise",8,"jackie"
"trust",13,"jackie"
"anger",116,"liquorose"
"anticipation",170,"liquorose"
"disgust",19,"liquorose"
"fear",58,"liquorose"
"joy",90,"liquorose"
"negative",58,"liquorose"
"positive",162,"liquorose"
"sadness",2,"liquorose"
"surprise",4,"liquorose"
"trust",25,"liquorose"
"anger",11,"jaypaul"
"anticipation",30,"jaypaul"
"fear",8,"jaypaul"
"joy",6,"jaypaul"
"negative",11,"jaypaul"
"positive",9,"jaypaul"
"surprise",4,"jaypaul"
"anger",35,"nini"
"anticipation",50,"nini"
"disgust",4,"nini"
"fear",7,"nini"
"joy",25,"nini"
"negative",10,"nini"
"positive",24,"nini"
"trust",14,"nini"
"anger",15,"peace"
"anticipation",144,"peace"
"disgust",10,"peace"
"fear",6,"peace"
"joy",6,"peace"
"negative",14,"peace"
"positive",16,"peace"
"surprise",3,"peace"
"anger",12,"princess"
"anticipation",15,"princess"
"joy",3,"princess"
"negative",3,"princess"
"positive",23,"princess"
"anger",22,"saga"
"anticipation",74,"saga"
"disgust",10,"saga"
"fear",9,"saga"
"joy",23,"saga"
"negative",36,"saga"
"positive",55,"saga"
"surprise",5,"saga"
"trust",4,"saga"
"anger",69,"sammie"
"anticipation",307,"sammie"
"disgust",25,"sammie"
"fear",36,"sammie"
"joy",39,"sammie"
"negative",54,"sammie"
"positive",61,"sammie"
"surprise",9,"sammie"
"trust",6,"sammie"
"anger",14,"saskay"
"anticipation",20,"saskay"
"disgust",1,"saskay"
"fear",2,"saskay"
"joy",14,"saskay"
"negative",21,"saskay"
"positive",17,"saskay"
"anger",16,"tega"
"anticipation",6,"tega"
"disgust",3,"tega"
"fear",5,"tega"
"joy",8,"tega"
"negative",7,"tega"
"positive",7,"tega"
"sadness",1,"tega"
"trust",1,"tega"
"anger",153,"whitemoney"
"anticipation",193,"whitemoney"
"disgust",10,"whitemoney"
"fear",27,"whitemoney"
"joy",116,"whitemoney"
"negative",58,"whitemoney"
"positive",170,"whitemoney"
"sadness",1,"whitemoney"
"surprise",18,"whitemoney"
"trust",20,"whitemoney"
"anger",198,"maria"
"anticipation",283,"maria"
"disgust",34,"maria"
"fear",76,"maria"
"joy",128,"maria"
"negative",128,"maria"
"positive",172,"maria"
"sadness",4,"maria"
"surprise",15,"maria"
"trust",25,"maria"
"anger",132,"pere"
"anticipation",198,"pere"
"disgust",19,"pere"
"fear",72,"pere"
"joy",85,"pere"
"negative",85,"pere"
"positive",141,"pere"
"sadness",6,"pere"
"surprise",11,"pere"
"trust",12,"pere"
"anger",3,"niyi"
"anticipation",4,"niyi"
"negative",1,"niyi"
"positive",6,"niyi"
"trust",2,"niyi"
"anger",178,"angel"
"anticipation",846,"angel"
"disgust",31,"angel"
"fear",49,"angel"
"joy",98,"angel"
"negative",73,"angel"
"positive",116,"angel"
"sadness",1,"angel"
"surprise",12,"angel"
"trust",20,"angel"
"anger",84,"arin"
"anticipation",130,"arin"
"disgust",10,"arin"
"fear",12,"arin"
"joy",44,"arin"
"negative",63,"arin"
"positive",60,"arin"
"surprise",8,"arin"
"trust",7,"arin"
"anger",26,"boma"
"anticipation",80,"boma"
"disgust",4,"boma"
"fear",3,"boma"
"joy",20,"boma"
"negative",13,"boma"
"positive",45,"boma"
"surprise",6,"boma"
"trust",8,"boma"
"anger",104,"beatrice"
"anticipation",120,"beatrice"
"disgust",10,"beatrice"
"fear",17,"beatrice"
"joy",75,"beatrice"
"negative",39,"beatrice"
"positive",42,"beatrice"
"surprise",3,"beatrice"
"trust",6,"beatrice"
"anger",688,"cross"
"anticipation",219,"cross"
"disgust",28,"cross"
"fear",45,"cross"
"joy",83,"cross"
"negative",45,"cross"
"positive",96,"cross"
"sadness",4,"cross"
"surprise",6,"cross"
"trust",14,"cross"
"anger",37,"emmanuel"
"anticipation",88,"emmanuel"
"disgust",15,"emmanuel"
"fear",4,"emmanuel"
"joy",12,"emmanuel"
"negative",34,"emmanuel"
"positive",50,"emmanuel"
"sadness",2,"emmanuel"
"surprise",1,"emmanuel"
"trust",13,"emmanuel"
"anger",25,"jackie"
"anticipation",79,"jackie"
"disgust",6,"jackie"
"fear",9,"jackie"
"joy",25,"jackie"
"negative",11,"jackie"
"positive",55,"jackie"
"surprise",2,"jackie"
"trust",7,"jackie"
"anger",124,"liquorose"
"anticipation",197,"liquorose"
"disgust",23,"liquorose"
"fear",56,"liquorose"
"joy",99,"liquorose"
"negative",63,"liquorose"
"positive",176,"liquorose"
"sadness",2,"liquorose"
"surprise",5,"liquorose"
"trust",24,"liquorose"
"anger",21,"jaypaul"
"anticipation",33,"jaypaul"
"fear",8,"jaypaul"
"joy",6,"jaypaul"
"negative",11,"jaypaul"
"positive",11,"jaypaul"
"surprise",4,"jaypaul"
"anger",41,"nini"
"anticipation",52,"nini"
"disgust",3,"nini"
"fear",5,"nini"
"joy",28,"nini"
"negative",12,"nini"
"positive",26,"nini"
"trust",15,"nini"
"anger",33,"peace"
"anticipation",244,"peace"
"disgust",15,"peace"
"fear",14,"peace"
"joy",10,"peace"
"negative",25,"peace"
"positive",27,"peace"
"surprise",6,"peace"
"anger",12,"princess"
"anticipation",18,"princess"
"joy",3,"princess"
"negative",3,"princess"
"positive",24,"princess"
"anger",32,"saga"
"anticipation",61,"saga"
"disgust",7,"saga"
"fear",9,"saga"
"joy",23,"saga"
"negative",22,"saga"
"positive",42,"saga"
"surprise",2,"saga"
"trust",4,"saga"
"anger",79,"sammie"
"anticipation",359,"sammie"
"disgust",33,"sammie"
"fear",42,"sammie"
"joy",41,"sammie"
"negative",63,"sammie"
"positive",71,"sammie"
"surprise",13,"sammie"
"trust",6,"sammie"
"anger",33,"saskay"
"anticipation",43,"saskay"
"disgust",1,"saskay"
"joy",17,"saskay"
"negative",32,"saskay"
"positive",24,"saskay"
"surprise",1,"saskay"
"trust",2,"saskay"
"anger",10,"tega"
"anticipation",6,"tega"
"disgust",1,"tega"
"fear",3,"tega"
"joy",3,"tega"
"negative",3,"tega"
"positive",6,"tega"
"trust",1,"tega"
