"sentiment","n","date"
"anger",6,2021-06-30
"anticipation",16,2021-06-30
"disgust",1,2021-06-30
"joy",3,2021-06-30
"negative",6,2021-06-30
"positive",17,2021-06-30
"trust",1,2021-06-30
"anger",17,2021-07-24
"anticipation",25,2021-07-24
"disgust",3,2021-07-24
"fear",5,2021-07-24
"joy",26,2021-07-24
"negative",2,2021-07-24
"positive",31,2021-07-24
"sadness",2,2021-07-24
"trust",4,2021-07-24
"anger",85,2021-07-24
"anticipation",118,2021-07-24
"disgust",23,2021-07-24
"fear",11,2021-07-24
"joy",49,2021-07-24
"negative",24,2021-07-24
"positive",103,2021-07-24
"sadness",3,2021-07-24
"surprise",2,2021-07-24
"trust",11,2021-07-24
"anger",85,2021-07-24
"anticipation",118,2021-07-24
"disgust",23,2021-07-24
"fear",11,2021-07-24
"joy",49,2021-07-24
"negative",24,2021-07-24
"positive",103,2021-07-24
"sadness",3,2021-07-24
"surprise",2,2021-07-24
"trust",11,2021-07-24
"anger",138,2021-07-24
"anticipation",198,2021-07-24
"disgust",39,2021-07-24
"fear",22,2021-07-24
"joy",71,2021-07-24
"negative",47,2021-07-24
"positive",174,2021-07-24
"sadness",6,2021-07-24
"surprise",5,2021-07-24
"trust",19,2021-07-24
"anger",204,2021-07-24
"anticipation",317,2021-07-24
"disgust",60,2021-07-24
"fear",39,2021-07-24
"joy",104,2021-07-24
"negative",77,2021-07-24
"positive",286,2021-07-24
"sadness",6,2021-07-24
"surprise",8,2021-07-24
"trust",35,2021-07-24
"anger",227,2021-07-24
"anticipation",354,2021-07-24
"disgust",69,2021-07-24
"fear",47,2021-07-24
"joy",109,2021-07-24
"negative",83,2021-07-24
"positive",323,2021-07-24
"sadness",6,2021-07-24
"surprise",11,2021-07-24
"trust",38,2021-07-24
"anger",227,2021-07-24
"anticipation",354,2021-07-24
"disgust",69,2021-07-24
"fear",47,2021-07-24
"joy",109,2021-07-24
"negative",83,2021-07-24
"positive",323,2021-07-24
"sadness",6,2021-07-24
"surprise",11,2021-07-24
"trust",38,2021-07-24
"anger",346,2021-07-24
"anticipation",508,2021-07-24
"disgust",96,2021-07-24
"fear",56,2021-07-24
"joy",553,2021-07-24
"negative",109,2021-07-24
"positive",472,2021-07-24
"sadness",7,2021-07-24
"surprise",28,2021-07-24
"trust",63,2021-07-24
"anger",376,2021-07-24
"anticipation",551,2021-07-24
"disgust",99,2021-07-24
"fear",62,2021-07-24
"joy",653,2021-07-24
"negative",113,2021-07-24
"positive",515,2021-07-24
"sadness",7,2021-07-24
"surprise",28,2021-07-24
"trust",72,2021-07-24
"anger",485,2021-07-24
"anticipation",682,2021-07-24
"disgust",115,2021-07-24
"fear",67,2021-07-24
"joy",1032,2021-07-24
"negative",119,2021-07-24
"positive",609,2021-07-24
"sadness",7,2021-07-24
"surprise",29,2021-07-24
"trust",86,2021-07-24
"anger",17,2021-07-25
"anticipation",42,2021-07-25
"disgust",4,2021-07-25
"fear",8,2021-07-25
"joy",9,2021-07-25
"negative",3,2021-07-25
"positive",36,2021-07-25
"sadness",1,2021-07-25
"surprise",4,2021-07-25
"trust",8,2021-07-25
"anger",33,2021-07-25
"anticipation",78,2021-07-25
"disgust",5,2021-07-25
"fear",12,2021-07-25
"joy",17,2021-07-25
"negative",5,2021-07-25
"positive",68,2021-07-25
"sadness",1,2021-07-25
"surprise",5,2021-07-25
"trust",15,2021-07-25
"anger",48,2021-07-25
"anticipation",100,2021-07-25
"disgust",9,2021-07-25
"fear",17,2021-07-25
"joy",31,2021-07-25
"negative",13,2021-07-25
"positive",94,2021-07-25
"sadness",2,2021-07-25
"surprise",7,2021-07-25
"trust",17,2021-07-25
"anger",121,2021-07-25
"anticipation",244,2021-07-25
"disgust",34,2021-07-25
"fear",37,2021-07-25
"joy",335,2021-07-25
"negative",30,2021-07-25
"positive",219,2021-07-25
"sadness",5,2021-07-25
"surprise",31,2021-07-25
"trust",33,2021-07-25
"anger",149,2021-07-25
"anticipation",303,2021-07-25
"disgust",37,2021-07-25
"fear",46,2021-07-25
"joy",357,2021-07-25
"negative",42,2021-07-25
"positive",251,2021-07-25
"sadness",6,2021-07-25
"surprise",37,2021-07-25
"trust",44,2021-07-25
"anger",154,2021-07-25
"anticipation",324,2021-07-25
"disgust",40,2021-07-25
"fear",48,2021-07-25
"joy",359,2021-07-25
"negative",49,2021-07-25
"positive",284,2021-07-25
"sadness",6,2021-07-25
"surprise",38,2021-07-25
"trust",46,2021-07-25
"anger",167,2021-07-25
"anticipation",349,2021-07-25
"disgust",43,2021-07-25
"fear",51,2021-07-25
"joy",361,2021-07-25
"negative",50,2021-07-25
"positive",306,2021-07-25
"sadness",6,2021-07-25
"surprise",39,2021-07-25
"trust",49,2021-07-25
"anger",173,2021-07-25
"anticipation",367,2021-07-25
"disgust",45,2021-07-25
"fear",53,2021-07-25
"joy",365,2021-07-25
"negative",53,2021-07-25
"positive",322,2021-07-25
"sadness",6,2021-07-25
"surprise",39,2021-07-25
"trust",57,2021-07-25
"anger",178,2021-07-25
"anticipation",378,2021-07-25
"disgust",46,2021-07-25
"fear",53,2021-07-25
"joy",365,2021-07-25
"negative",54,2021-07-25
"positive",330,2021-07-25
"sadness",6,2021-07-25
"surprise",39,2021-07-25
"trust",57,2021-07-25
"anger",198,2021-07-25
"anticipation",424,2021-07-25
"disgust",51,2021-07-25
"fear",56,2021-07-25
"joy",377,2021-07-25
"negative",63,2021-07-25
"positive",369,2021-07-25
"sadness",7,2021-07-25
"surprise",39,2021-07-25
"trust",59,2021-07-25
"anger",213,2021-07-25
"anticipation",452,2021-07-25
"disgust",52,2021-07-25
"fear",59,2021-07-25
"joy",381,2021-07-25
"negative",65,2021-07-25
"positive",391,2021-07-25
"sadness",7,2021-07-25
"surprise",39,2021-07-25
"trust",62,2021-07-25
"anger",222,2021-07-25
"anticipation",472,2021-07-25
"disgust",54,2021-07-25
"fear",61,2021-07-25
"joy",382,2021-07-25
"negative",69,2021-07-25
"positive",409,2021-07-25
"sadness",7,2021-07-25
"surprise",39,2021-07-25
"trust",66,2021-07-25
"anger",232,2021-07-25
"anticipation",506,2021-07-25
"disgust",59,2021-07-25
"fear",66,2021-07-25
"joy",389,2021-07-25
"negative",74,2021-07-25
"positive",435,2021-07-25
"sadness",8,2021-07-25
"surprise",41,2021-07-25
"trust",69,2021-07-25
"anger",248,2021-07-25
"anticipation",532,2021-07-25
"disgust",59,2021-07-25
"fear",67,2021-07-25
"joy",398,2021-07-25
"negative",84,2021-07-25
"positive",446,2021-07-25
"sadness",8,2021-07-25
"surprise",41,2021-07-25
"trust",73,2021-07-25
"anger",276,2021-07-25
"anticipation",576,2021-07-25
"disgust",65,2021-07-25
"fear",75,2021-07-25
"joy",405,2021-07-25
"negative",95,2021-07-25
"positive",487,2021-07-25
"sadness",8,2021-07-25
"surprise",42,2021-07-25
"trust",75,2021-07-25
<<<<<<< HEAD
"anger",57,2021-07-25
"anticipation",93,2021-07-25
"disgust",7,2021-07-25
"fear",9,2021-07-25
"joy",74,2021-07-25
"negative",15,2021-07-25
"positive",72,2021-07-25
"sadness",1,2021-07-25
"surprise",4,2021-07-25
"trust",14,2021-07-25
"anger",57,2021-07-25
"anticipation",93,2021-07-25
"disgust",7,2021-07-25
"fear",9,2021-07-25
"joy",74,2021-07-25
"negative",15,2021-07-25
"positive",72,2021-07-25
"sadness",1,2021-07-25
"surprise",4,2021-07-25
"trust",14,2021-07-25
=======
"anger",321,2021-07-25
"anticipation",648,2021-07-25
"disgust",71,2021-07-25
"fear",82,2021-07-25
"joy",482,2021-07-25
"negative",106,2021-07-25
"positive",541,2021-07-25
"sadness",9,2021-07-25
"surprise",45,2021-07-25
"trust",85,2021-07-25
>>>>>>> 75b8ea1112bf86c74c6831fb27867113166175ab
"anger",21,2021-07-25
"anticipation",56,2021-07-25
"disgust",3,2021-07-25
"fear",7,2021-07-25
"joy",8,2021-07-25
"negative",12,2021-07-25
"positive",46,2021-07-25
"sadness",1,2021-07-25
"trust",6,2021-07-25
"anger",27,2021-07-25
"anticipation",49,2021-07-25
"disgust",3,2021-07-25
"fear",8,2021-07-25
"joy",8,2021-07-25
"negative",11,2021-07-25
"positive",41,2021-07-25
"surprise",1,2021-07-25
"trust",5,2021-07-25
"anger",27,2021-07-25
"anticipation",49,2021-07-25
"disgust",3,2021-07-25
"fear",8,2021-07-25
"joy",8,2021-07-25
"negative",11,2021-07-25
"positive",41,2021-07-25
"surprise",1,2021-07-25
"trust",5,2021-07-25
"anger",24,2021-07-25
"anticipation",46,2021-07-25
"disgust",4,2021-07-25
"fear",8,2021-07-25
"joy",19,2021-07-25
"negative",3,2021-07-25
"positive",52,2021-07-25
"sadness",1,2021-07-25
"surprise",2,2021-07-25
"trust",7,2021-07-25
"anger",62,2021-07-25
"anticipation",181,2021-07-25
"disgust",3,2021-07-25
"fear",15,2021-07-25
"joy",131,2021-07-25
"negative",23,2021-07-25
"positive",97,2021-07-25
"sadness",6,2021-07-25
"surprise",3,2021-07-25
"trust",15,2021-07-25
"anger",59,2021-07-25
"anticipation",75,2021-07-25
"disgust",8,2021-07-25
"fear",8,2021-07-25
"joy",102,2021-07-25
"negative",27,2021-07-25
"positive",66,2021-07-25
"sadness",6,2021-07-25
"surprise",3,2021-07-25
"trust",7,2021-07-25
"anger",87,2021-07-25
"anticipation",147,2021-07-25
"disgust",14,2021-07-25
"fear",7,2021-07-25
"joy",237,2021-07-25
"negative",26,2021-07-25
"positive",86,2021-07-25
"sadness",5,2021-07-25
"surprise",13,2021-07-25
"trust",6,2021-07-25
"anger",26,2021-07-25
"anticipation",115,2021-07-25
"disgust",8,2021-07-25
"fear",15,2021-07-25
"joy",176,2021-07-25
"negative",25,2021-07-25
"positive",81,2021-07-25
"sadness",20,2021-07-25
"surprise",5,2021-07-25
"trust",13,2021-07-25
"anger",70,2021-07-25
"anticipation",108,2021-07-25
"disgust",4,2021-07-25
"fear",13,2021-07-25
"joy",18,2021-07-25
"negative",13,2021-07-25
"positive",48,2021-07-25
"sadness",2,2021-07-25
"surprise",2,2021-07-25
"trust",3,2021-07-25
"anger",38,2021-07-25
"anticipation",64,2021-07-25
"disgust",6,2021-07-25
"fear",9,2021-07-25
"joy",18,2021-07-25
"negative",13,2021-07-25
"positive",40,2021-07-25
"sadness",1,2021-07-25
"surprise",4,2021-07-25
"trust",10,2021-07-25
"anger",33,2021-07-25
"anticipation",54,2021-07-25
"disgust",5,2021-07-25
"fear",9,2021-07-25
"joy",15,2021-07-25
"negative",3,2021-07-25
"positive",45,2021-07-25
"surprise",1,2021-07-25
"trust",6,2021-07-25
"anger",30,2021-07-25
"anticipation",46,2021-07-25
"disgust",4,2021-07-25
"fear",4,2021-07-25
"joy",8,2021-07-25
"negative",8,2021-07-25
"positive",32,2021-07-25
"surprise",3,2021-07-25
"trust",6,2021-07-25
"anger",11,2021-07-25
"anticipation",57,2021-07-25
"disgust",2,2021-07-25
"fear",3,2021-07-25
"joy",12,2021-07-25
"negative",10,2021-07-25
"positive",34,2021-07-25
"sadness",1,2021-07-25
"trust",3,2021-07-25
"anger",11,2021-07-25
"anticipation",57,2021-07-25
"disgust",2,2021-07-25
"fear",3,2021-07-25
"joy",12,2021-07-25
"negative",10,2021-07-25
"positive",34,2021-07-25
"sadness",1,2021-07-25
"trust",3,2021-07-25
"anger",20,2021-07-25
"anticipation",40,2021-07-25
"disgust",7,2021-07-25
"fear",5,2021-07-25
"joy",20,2021-07-25
"negative",11,2021-07-25
"positive",42,2021-07-25
"sadness",3,2021-07-25
"surprise",2,2021-07-25
"trust",4,2021-07-25
"anger",41,2021-07-25
"anticipation",64,2021-07-25
"disgust",5,2021-07-25
"fear",7,2021-07-25
"joy",13,2021-07-25
"negative",10,2021-07-25
"positive",44,2021-07-25
"sadness",2,2021-07-25
"surprise",1,2021-07-25
"trust",5,2021-07-25
"anger",81,2021-07-25
"anticipation",98,2021-07-25
"disgust",3,2021-07-25
"fear",12,2021-07-25
"joy",132,2021-07-25
"negative",21,2021-07-25
"positive",94,2021-07-25
"trust",3,2021-07-25
"anger",20,2021-07-25
"anticipation",42,2021-07-25
"disgust",1,2021-07-25
"fear",7,2021-07-25
"joy",20,2021-07-25
"negative",10,2021-07-25
"positive",32,2021-07-25
"sadness",1,2021-07-25
"trust",6,2021-07-25
"anger",28,2021-07-25
"anticipation",65,2021-07-25
"fear",7,2021-07-25
"joy",7,2021-07-25
"negative",10,2021-07-25
"positive",45,2021-07-25
"sadness",1,2021-07-25
"surprise",1,2021-07-25
"trust",7,2021-07-25
"anger",27,2021-07-25
"anticipation",56,2021-07-25
"disgust",4,2021-07-25
"fear",12,2021-07-25
"joy",13,2021-07-25
"negative",18,2021-07-25
"positive",34,2021-07-25
"trust",2,2021-07-25
"anger",72,2021-07-25
"anticipation",138,2021-07-25
"disgust",7,2021-07-25
"fear",19,2021-07-25
"joy",163,2021-07-25
"negative",66,2021-07-25
"positive",86,2021-07-25
"sadness",1,2021-07-25
"surprise",2,2021-07-25
"trust",10,2021-07-25
"anger",38,2021-07-25
"anticipation",491,2021-07-25
"disgust",10,2021-07-25
"fear",14,2021-07-25
"joy",43,2021-07-25
"negative",12,2021-07-25
"positive",129,2021-07-25
"sadness",2,2021-07-25
"surprise",2,2021-07-25
"trust",10,2021-07-25
"anger",50,2021-07-25
"anticipation",120,2021-07-25
"disgust",30,2021-07-25
"fear",38,2021-07-25
"joy",135,2021-07-25
"negative",94,2021-07-25
"positive",147,2021-07-25
"sadness",3,2021-07-25
"surprise",6,2021-07-25
"trust",19,2021-07-25
"anger",99,2021-07-25
"anticipation",146,2021-07-25
"disgust",15,2021-07-25
"fear",21,2021-07-25
"joy",452,2021-07-25
"negative",81,2021-07-25
"positive",209,2021-07-25
"sadness",2,2021-07-25
"surprise",7,2021-07-25
"trust",15,2021-07-25
"anger",50,2021-07-25
"anticipation",98,2021-07-25
"disgust",17,2021-07-25
"fear",20,2021-07-25
"joy",73,2021-07-25
"negative",88,2021-07-25
"positive",109,2021-07-25
"sadness",3,2021-07-25
"surprise",9,2021-07-25
"trust",15,2021-07-25
"anger",55,2021-07-25
"anticipation",70,2021-07-25
"disgust",16,2021-07-25
"fear",20,2021-07-25
"joy",152,2021-07-25
"negative",159,2021-07-25
"positive",120,2021-07-25
"sadness",3,2021-07-25
"surprise",6,2021-07-25
"trust",8,2021-07-25
"anger",71,2021-07-25
"anticipation",114,2021-07-25
"disgust",10,2021-07-25
"fear",21,2021-07-25
"joy",149,2021-07-25
"negative",50,2021-07-25
"positive",125,2021-07-25
"sadness",6,2021-07-25
"surprise",10,2021-07-25
"trust",11,2021-07-25
"anger",107,2021-07-25
"anticipation",164,2021-07-25
"disgust",9,2021-07-25
"fear",23,2021-07-25
"joy",454,2021-07-25
"negative",75,2021-07-25
"positive",156,2021-07-25
"sadness",6,2021-07-25
"surprise",8,2021-07-25
"trust",12,2021-07-25
"anger",56,2021-07-25
"anticipation",100,2021-07-25
"disgust",10,2021-07-25
"fear",15,2021-07-25
"joy",48,2021-07-25
"negative",35,2021-07-25
"positive",83,2021-07-25
"sadness",3,2021-07-25
"surprise",3,2021-07-25
"trust",9,2021-07-25
"anger",95,2021-07-25
"anticipation",135,2021-07-25
"disgust",12,2021-07-25
"fear",9,2021-07-25
"joy",465,2021-07-25
"negative",40,2021-07-25
"positive",175,2021-07-25
"sadness",19,2021-07-25
"surprise",17,2021-07-25
"trust",20,2021-07-25
"anger",53,2021-07-25
"anticipation",93,2021-07-25
"disgust",5,2021-07-25
"fear",7,2021-07-25
"joy",36,2021-07-25
"negative",21,2021-07-25
"positive",78,2021-07-25
"sadness",2,2021-07-25
"surprise",6,2021-07-25
"trust",9,2021-07-25
"anger",53,2021-07-25
"anticipation",93,2021-07-25
"disgust",5,2021-07-25
"fear",7,2021-07-25
"joy",36,2021-07-25
"negative",21,2021-07-25
"positive",78,2021-07-25
"sadness",2,2021-07-25
"surprise",6,2021-07-25
"trust",9,2021-07-25
"anger",42,2021-07-25
"anticipation",88,2021-07-25
"disgust",11,2021-07-25
"fear",10,2021-07-25
"joy",49,2021-07-25
"negative",16,2021-07-25
"positive",92,2021-07-25
"sadness",1,2021-07-25
"surprise",2,2021-07-25
"trust",4,2021-07-25
"anger",69,2021-07-25
"anticipation",133,2021-07-25
"disgust",4,2021-07-25
"fear",20,2021-07-25
"joy",345,2021-07-25
"negative",43,2021-07-25
"positive",128,2021-07-25
"sadness",15,2021-07-25
"surprise",7,2021-07-25
"trust",11,2021-07-25
"anger",69,2021-07-25
"anticipation",133,2021-07-25
"disgust",4,2021-07-25
"fear",20,2021-07-25
"joy",345,2021-07-25
"negative",43,2021-07-25
"positive",128,2021-07-25
"sadness",15,2021-07-25
"surprise",7,2021-07-25
"trust",11,2021-07-25
"anger",54,2021-07-25
"anticipation",124,2021-07-25
"disgust",28,2021-07-25
"fear",14,2021-07-25
"joy",182,2021-07-25
"negative",47,2021-07-25
"positive",91,2021-07-25
"sadness",5,2021-07-25
"trust",4,2021-07-25
"anger",38,2021-07-25
"anticipation",106,2021-07-25
"disgust",5,2021-07-25
"fear",13,2021-07-25
"joy",176,2021-07-25
"negative",62,2021-07-25
"positive",139,2021-07-25
"sadness",7,2021-07-25
"surprise",5,2021-07-25
"trust",18,2021-07-25
"anger",66,2021-07-25
"anticipation",96,2021-07-25
"disgust",5,2021-07-25
"fear",11,2021-07-25
"joy",104,2021-07-25
"negative",33,2021-07-25
"positive",124,2021-07-25
"sadness",2,2021-07-25
"surprise",2,2021-07-25
"trust",14,2021-07-25
"anger",148,2021-07-26
"anticipation",177,2021-07-26
"disgust",7,2021-07-26
"fear",12,2021-07-26
"joy",179,2021-07-26
"negative",43,2021-07-26
"positive",101,2021-07-26
"sadness",4,2021-07-26
"surprise",8,2021-07-26
"trust",14,2021-07-26
"anger",29,2021-07-26
"anticipation",28,2021-07-26
"disgust",3,2021-07-26
"fear",13,2021-07-26
"joy",20,2021-07-26
"negative",15,2021-07-26
"positive",20,2021-07-26
"sadness",2,2021-07-26
"trust",4,2021-07-26
"anger",20,2021-07-26
"anticipation",27,2021-07-26
"disgust",1,2021-07-26
"fear",4,2021-07-26
"joy",10,2021-07-26
"negative",14,2021-07-26
"positive",27,2021-07-26
"surprise",1,2021-07-26
"trust",6,2021-07-26
"anger",28,2021-07-26
"anticipation",32,2021-07-26
"disgust",1,2021-07-26
"fear",5,2021-07-26
"joy",9,2021-07-26
"negative",13,2021-07-26
"positive",31,2021-07-26
"sadness",2,2021-07-26
"surprise",2,2021-07-26
"trust",4,2021-07-26
"anger",17,2021-07-26
"anticipation",27,2021-07-26
"disgust",1,2021-07-26
"fear",2,2021-07-26
"joy",17,2021-07-26
"negative",8,2021-07-26
"positive",39,2021-07-26
"sadness",1,2021-07-26
"surprise",2,2021-07-26
"trust",6,2021-07-26
"anger",25,2021-07-26
"anticipation",31,2021-07-26
"disgust",1,2021-07-26
"fear",10,2021-07-26
"joy",44,2021-07-26
"negative",11,2021-07-26
"positive",23,2021-07-26
"sadness",1,2021-07-26
"surprise",3,2021-07-26
"trust",4,2021-07-26
"anger",19,2021-07-26
"anticipation",39,2021-07-26
"disgust",1,2021-07-26
"fear",3,2021-07-26
"joy",17,2021-07-26
"negative",2,2021-07-26
"positive",19,2021-07-26
"sadness",2,2021-07-26
"surprise",1,2021-07-26
"trust",3,2021-07-26
"anger",17,2021-07-26
"anticipation",32,2021-07-26
"fear",6,2021-07-26
"joy",21,2021-07-26
"negative",13,2021-07-26
"positive",37,2021-07-26
"sadness",2,2021-07-26
"trust",8,2021-07-26
"anger",17,2021-07-26
"anticipation",25,2021-07-26
"disgust",1,2021-07-26
"fear",6,2021-07-26
"joy",18,2021-07-26
"negative",11,2021-07-26
"positive",31,2021-07-26
"sadness",1,2021-07-26
"trust",5,2021-07-26
"anger",14,2021-07-26
"anticipation",34,2021-07-26
"disgust",2,2021-07-26
"fear",1,2021-07-26
"joy",20,2021-07-26
"negative",7,2021-07-26
"positive",34,2021-07-26
"sadness",1,2021-07-26
"surprise",1,2021-07-26
"trust",3,2021-07-26
"anger",19,2021-07-26
"anticipation",22,2021-07-26
"disgust",2,2021-07-26
"joy",16,2021-07-26
"negative",11,2021-07-26
"positive",35,2021-07-26
"sadness",1,2021-07-26
"trust",10,2021-07-26
"anger",15,2021-07-26
"anticipation",28,2021-07-26
"fear",3,2021-07-26
"joy",23,2021-07-26
"negative",12,2021-07-26
"positive",37,2021-07-26
"sadness",1,2021-07-26
"surprise",1,2021-07-26
"trust",6,2021-07-26
"anger",86,2021-07-26
"anticipation",159,2021-07-26
"fear",26,2021-07-26
"joy",526,2021-07-26
"negative",29,2021-07-26
"positive",145,2021-07-26
"sadness",1,2021-07-26
"trust",30,2021-07-26
"anger",30,2021-07-26
"anticipation",64,2021-07-26
"disgust",1,2021-07-26
"fear",5,2021-07-26
"joy",17,2021-07-26
"negative",15,2021-07-26
"positive",30,2021-07-26
"sadness",1,2021-07-26
"surprise",1,2021-07-26
"trust",10,2021-07-26
"anger",20,2021-07-26
"anticipation",41,2021-07-26
"disgust",3,2021-07-26
"fear",3,2021-07-26
"joy",13,2021-07-26
"negative",6,2021-07-26
"positive",28,2021-07-26
"sadness",1,2021-07-26
"surprise",1,2021-07-26
"trust",5,2021-07-26
"anger",40,2021-07-26
"anticipation",59,2021-07-26
"disgust",4,2021-07-26
"fear",9,2021-07-26
"joy",20,2021-07-26
"negative",20,2021-07-26
"positive",41,2021-07-26
"sadness",1,2021-07-26
"surprise",2,2021-07-26
"trust",4,2021-07-26
"anger",22,2021-07-26
"anticipation",59,2021-07-26
"disgust",4,2021-07-26
"fear",3,2021-07-26
"joy",22,2021-07-26
"negative",12,2021-07-26
"positive",28,2021-07-26
"sadness",1,2021-07-26
"surprise",2,2021-07-26
"trust",5,2021-07-26
"anger",19,2021-07-26
"anticipation",45,2021-07-26
"disgust",5,2021-07-26
"fear",3,2021-07-26
"joy",20,2021-07-26
"negative",16,2021-07-26
"positive",34,2021-07-26
"sadness",2,2021-07-26
"surprise",1,2021-07-26
"trust",12,2021-07-26
"anger",27,2021-07-26
"anticipation",44,2021-07-26
"disgust",1,2021-07-26
"fear",13,2021-07-26
"joy",20,2021-07-26
"negative",14,2021-07-26
"positive",36,2021-07-26
"surprise",1,2021-07-26
"trust",7,2021-07-26
"anger",42,2021-07-26
"anticipation",53,2021-07-26
"disgust",1,2021-07-26
"fear",6,2021-07-26
"joy",17,2021-07-26
"negative",11,2021-07-26
"positive",35,2021-07-26
"trust",10,2021-07-26
"anger",35,2021-07-26
"anticipation",46,2021-07-26
"disgust",3,2021-07-26
"fear",5,2021-07-26
"joy",17,2021-07-26
"negative",10,2021-07-26
"positive",35,2021-07-26
"sadness",1,2021-07-26
"surprise",2,2021-07-26
"trust",10,2021-07-26
"anger",29,2021-07-26
"anticipation",55,2021-07-26
"disgust",3,2021-07-26
"fear",5,2021-07-26
"joy",29,2021-07-26
"negative",13,2021-07-26
"positive",50,2021-07-26
"sadness",2,2021-07-26
"surprise",2,2021-07-26
"trust",9,2021-07-26
"anger",29,2021-07-26
"anticipation",50,2021-07-26
"disgust",3,2021-07-26
"fear",10,2021-07-26
"joy",32,2021-07-26
"negative",18,2021-07-26
"positive",50,2021-07-26
"sadness",3,2021-07-26
"surprise",2,2021-07-26
"trust",13,2021-07-26
"anger",22,2021-07-26
"anticipation",70,2021-07-26
"disgust",4,2021-07-26
"fear",5,2021-07-26
"joy",39,2021-07-26
"negative",13,2021-07-26
"positive",35,2021-07-26
"sadness",2,2021-07-26
"surprise",2,2021-07-26
"trust",8,2021-07-26
"anger",36,2021-07-26
"anticipation",117,2021-07-26
"disgust",1,2021-07-26
"fear",9,2021-07-26
"joy",35,2021-07-26
"negative",10,2021-07-26
"positive",62,2021-07-26
"sadness",1,2021-07-26
"trust",3,2021-07-26
"anger",18,2021-07-26
"anticipation",50,2021-07-26
"disgust",6,2021-07-26
"fear",7,2021-07-26
"joy",23,2021-07-26
"negative",15,2021-07-26
"positive",42,2021-07-26
"sadness",1,2021-07-26
"surprise",1,2021-07-26
"trust",6,2021-07-26
"anger",20,2021-07-26
"anticipation",35,2021-07-26
"disgust",4,2021-07-26
"fear",1,2021-07-26
"joy",27,2021-07-26
"negative",16,2021-07-26
"positive",59,2021-07-26
"sadness",1,2021-07-26
"surprise",1,2021-07-26
"trust",8,2021-07-26
"anger",39,2021-07-26
"anticipation",78,2021-07-26
"disgust",5,2021-07-26
"fear",4,2021-07-26
"joy",28,2021-07-26
"negative",10,2021-07-26
"positive",56,2021-07-26
"trust",7,2021-07-26
"anger",32,2021-07-26
"anticipation",76,2021-07-26
"disgust",8,2021-07-26
"fear",2,2021-07-26
"joy",31,2021-07-26
"negative",26,2021-07-26
"positive",54,2021-07-26
"trust",9,2021-07-26
"anger",43,2021-07-26
"anticipation",111,2021-07-26
"disgust",5,2021-07-26
"fear",12,2021-07-26
"joy",139,2021-07-26
"negative",65,2021-07-26
"positive",80,2021-07-26
"sadness",2,2021-07-26
"trust",13,2021-07-26
"anger",38,2021-07-26
"anticipation",93,2021-07-26
"disgust",16,2021-07-26
"fear",14,2021-07-26
"joy",132,2021-07-26
"negative",17,2021-07-26
"positive",75,2021-07-26
"sadness",2,2021-07-26
"surprise",2,2021-07-26
"trust",12,2021-07-26
"anger",83,2021-07-26
"anticipation",125,2021-07-26
"disgust",8,2021-07-26
"fear",15,2021-07-26
"joy",413,2021-07-26
"negative",28,2021-07-26
"positive",123,2021-07-26
"sadness",2,2021-07-26
"surprise",1,2021-07-26
"trust",9,2021-07-26
"anger",13,2021-07-26
"anticipation",41,2021-07-26
"disgust",2,2021-07-26
"fear",5,2021-07-26
"joy",17,2021-07-26
"negative",8,2021-07-26
"positive",26,2021-07-26
"sadness",1,2021-07-26
"surprise",3,2021-07-26
"trust",2,2021-07-26
"anger",11,2021-07-26
"anticipation",42,2021-07-26
"disgust",8,2021-07-26
"fear",4,2021-07-26
"joy",18,2021-07-26
"negative",8,2021-07-26
"positive",38,2021-07-26
"surprise",2,2021-07-26
"trust",8,2021-07-26
"anger",24,2021-07-26
"anticipation",171,2021-07-26
"disgust",5,2021-07-26
"fear",12,2021-07-26
"joy",26,2021-07-26
"negative",12,2021-07-26
"positive",52,2021-07-26
"surprise",4,2021-07-26
"trust",28,2021-07-26
"anger",26,2021-07-26
"anticipation",94,2021-07-26
"disgust",10,2021-07-26
"fear",5,2021-07-26
"joy",23,2021-07-26
"negative",11,2021-07-26
"positive",56,2021-07-26
"trust",20,2021-07-26
"anger",90,2021-07-26
"anticipation",128,2021-07-26
"disgust",4,2021-07-26
"fear",10,2021-07-26
"joy",164,2021-07-26
"negative",28,2021-07-26
"positive",90,2021-07-26
"sadness",2,2021-07-26
"surprise",1,2021-07-26
"trust",21,2021-07-26
"anger",28,2021-07-26
"anticipation",65,2021-07-26
"disgust",9,2021-07-26
"fear",2,2021-07-26
"joy",29,2021-07-26
"negative",15,2021-07-26
"positive",31,2021-07-26
"sadness",1,2021-07-26
"surprise",2,2021-07-26
"trust",5,2021-07-26
"anger",40,2021-07-26
"anticipation",144,2021-07-26
"disgust",7,2021-07-26
"fear",8,2021-07-26
"joy",262,2021-07-26
"negative",30,2021-07-26
"positive",120,2021-07-26
"surprise",4,2021-07-26
"trust",8,2021-07-26
"anger",26,2021-07-26
"anticipation",139,2021-07-26
"disgust",10,2021-07-26
"fear",10,2021-07-26
"joy",151,2021-07-26
"negative",48,2021-07-26
"positive",85,2021-07-26
"surprise",2,2021-07-26
"trust",28,2021-07-26
"anger",31,2021-07-26
"anticipation",54,2021-07-26
"disgust",7,2021-07-26
"fear",8,2021-07-26
"joy",14,2021-07-26
"negative",15,2021-07-26
"positive",33,2021-07-26
"surprise",3,2021-07-26
"trust",10,2021-07-26
"anger",28,2021-07-26
"anticipation",82,2021-07-26
"disgust",6,2021-07-26
"fear",7,2021-07-26
"joy",23,2021-07-26
"negative",17,2021-07-26
"positive",44,2021-07-26
"sadness",4,2021-07-26
"surprise",1,2021-07-26
"trust",6,2021-07-26
"anger",102,2021-07-26
"anticipation",178,2021-07-26
"disgust",18,2021-07-26
"fear",48,2021-07-26
"joy",212,2021-07-26
"negative",57,2021-07-26
"positive",97,2021-07-26
"sadness",8,2021-07-26
"trust",5,2021-07-26
"anger",102,2021-07-26
"anticipation",178,2021-07-26
"disgust",18,2021-07-26
"fear",48,2021-07-26
"joy",212,2021-07-26
"negative",57,2021-07-26
"positive",97,2021-07-26
"sadness",8,2021-07-26
"trust",5,2021-07-26
"anger",67,2021-07-26
"anticipation",120,2021-07-26
"disgust",5,2021-07-26
"fear",12,2021-07-26
"joy",356,2021-07-26
"negative",27,2021-07-26
"positive",94,2021-07-26
"surprise",3,2021-07-26
"trust",8,2021-07-26
"anger",28,2021-07-26
"anticipation",47,2021-07-26
"disgust",6,2021-07-26
"fear",4,2021-07-26
"joy",17,2021-07-26
"negative",12,2021-07-26
"positive",32,2021-07-26
"surprise",2,2021-07-26
"trust",8,2021-07-26
"anger",17,2021-07-26
"anticipation",69,2021-07-26
"disgust",7,2021-07-26
"fear",3,2021-07-26
"joy",16,2021-07-26
"negative",14,2021-07-26
"positive",38,2021-07-26
"trust",7,2021-07-26
"anger",19,2021-07-27
"anticipation",47,2021-07-27
"fear",6,2021-07-27
"joy",23,2021-07-27
"negative",14,2021-07-27
"positive",30,2021-07-27
"surprise",1,2021-07-27
"trust",4,2021-07-27
"anger",23,2021-07-27
"anticipation",117,2021-07-27
"disgust",4,2021-07-27
"fear",9,2021-07-27
"joy",86,2021-07-27
"negative",11,2021-07-27
"positive",49,2021-07-27
"trust",2,2021-07-27
"anger",14,2021-07-27
"anticipation",75,2021-07-27
"disgust",8,2021-07-27
"joy",139,2021-07-27
"negative",25,2021-07-27
"positive",51,2021-07-27
"surprise",3,2021-07-27
"trust",5,2021-07-27
"anger",10,2021-07-27
"anticipation",41,2021-07-27
"disgust",7,2021-07-27
"fear",1,2021-07-27
"joy",41,2021-07-27
"negative",12,2021-07-27
"positive",20,2021-07-27
"surprise",5,2021-07-27
"trust",11,2021-07-27
"anger",14,2021-07-27
"anticipation",34,2021-07-27
"disgust",2,2021-07-27
"fear",3,2021-07-27
"joy",12,2021-07-27
"negative",9,2021-07-27
"positive",22,2021-07-27
"surprise",1,2021-07-27
"trust",6,2021-07-27
"anger",16,2021-07-27
"anticipation",42,2021-07-27
"disgust",1,2021-07-27
"fear",5,2021-07-27
"joy",14,2021-07-27
"negative",5,2021-07-27
"positive",29,2021-07-27
"sadness",1,2021-07-27
"surprise",2,2021-07-27
"trust",3,2021-07-27
"anger",13,2021-07-27
"anticipation",36,2021-07-27
"disgust",1,2021-07-27
"fear",3,2021-07-27
"joy",15,2021-07-27
"negative",16,2021-07-27
"positive",15,2021-07-27
"surprise",1,2021-07-27
"trust",1,2021-07-27
"anger",15,2021-07-27
"anticipation",41,2021-07-27
"disgust",2,2021-07-27
"fear",4,2021-07-27
"joy",22,2021-07-27
"negative",9,2021-07-27
"positive",16,2021-07-27
"surprise",3,2021-07-27
"trust",5,2021-07-27
"anger",15,2021-07-27
"anticipation",33,2021-07-27
"disgust",2,2021-07-27
"fear",2,2021-07-27
"joy",15,2021-07-27
"negative",14,2021-07-27
"positive",16,2021-07-27
"surprise",1,2021-07-27
"trust",8,2021-07-27
"anger",21,2021-07-27
"anticipation",50,2021-07-27
"disgust",1,2021-07-27
"fear",5,2021-07-27
"joy",11,2021-07-27
"negative",8,2021-07-27
"positive",32,2021-07-27
"sadness",2,2021-07-27
"surprise",2,2021-07-27
"trust",5,2021-07-27
"anger",14,2021-07-27
"anticipation",36,2021-07-27
"disgust",7,2021-07-27
"fear",4,2021-07-27
"joy",9,2021-07-27
"negative",7,2021-07-27
"positive",19,2021-07-27
"sadness",1,2021-07-27
"trust",5,2021-07-27
"anger",11,2021-07-27
"anticipation",32,2021-07-27
"disgust",2,2021-07-27
"fear",1,2021-07-27
"joy",31,2021-07-27
"negative",4,2021-07-27
"positive",25,2021-07-27
"trust",7,2021-07-27
"anger",10,2021-07-27
"anticipation",36,2021-07-27
"disgust",4,2021-07-27
"fear",3,2021-07-27
"joy",13,2021-07-27
"negative",8,2021-07-27
"positive",23,2021-07-27
"surprise",1,2021-07-27
"trust",2,2021-07-27
"anger",20,2021-07-27
"anticipation",50,2021-07-27
"disgust",4,2021-07-27
"fear",1,2021-07-27
"joy",15,2021-07-27
"negative",5,2021-07-27
"positive",19,2021-07-27
"surprise",1,2021-07-27
"trust",5,2021-07-27
"anger",56,2021-07-27
"anticipation",240,2021-07-27
"disgust",2,2021-07-27
"fear",8,2021-07-27
"joy",479,2021-07-27
"negative",20,2021-07-27
"positive",92,2021-07-27
"surprise",7,2021-07-27
"trust",27,2021-07-27
"anger",15,2021-07-27
"anticipation",58,2021-07-27
"disgust",3,2021-07-27
"fear",1,2021-07-27
"joy",14,2021-07-27
"negative",19,2021-07-27
"positive",23,2021-07-27
"surprise",3,2021-07-27
"trust",8,2021-07-27
"anger",20,2021-07-27
"anticipation",63,2021-07-27
"disgust",3,2021-07-27
"fear",5,2021-07-27
"joy",19,2021-07-27
"negative",6,2021-07-27
"positive",27,2021-07-27
"surprise",2,2021-07-27
"trust",7,2021-07-27
"anger",54,2021-07-27
"anticipation",81,2021-07-27
"disgust",12,2021-07-27
"fear",21,2021-07-27
"joy",196,2021-07-27
"negative",41,2021-07-27
"positive",61,2021-07-27
"sadness",6,2021-07-27
"surprise",4,2021-07-27
"trust",17,2021-07-27
"anger",17,2021-07-27
"anticipation",60,2021-07-27
"disgust",5,2021-07-27
"fear",3,2021-07-27
"joy",22,2021-07-27
"negative",13,2021-07-27
"positive",29,2021-07-27
"sadness",1,2021-07-27
"surprise",2,2021-07-27
"trust",8,2021-07-27
"anger",20,2021-07-27
"anticipation",55,2021-07-27
"disgust",4,2021-07-27
"fear",6,2021-07-27
"joy",28,2021-07-27
"negative",10,2021-07-27
"positive",35,2021-07-27
"trust",5,2021-07-27
"anger",28,2021-07-27
"anticipation",69,2021-07-27
"disgust",7,2021-07-27
"fear",8,2021-07-27
"joy",46,2021-07-27
"negative",16,2021-07-27
"positive",32,2021-07-27
"surprise",2,2021-07-27
"trust",9,2021-07-27
"anger",28,2021-07-27
"anticipation",53,2021-07-27
"disgust",3,2021-07-27
"fear",4,2021-07-27
"joy",33,2021-07-27
"negative",21,2021-07-27
"positive",33,2021-07-27
"trust",8,2021-07-27
"anger",18,2021-07-27
"anticipation",56,2021-07-27
"disgust",7,2021-07-27
"fear",5,2021-07-27
"joy",30,2021-07-27
"negative",17,2021-07-27
"positive",42,2021-07-27
"sadness",2,2021-07-27
"trust",5,2021-07-27
"anger",189,2021-07-27
"anticipation",254,2021-07-27
"disgust",17,2021-07-27
"fear",25,2021-07-27
"joy",201,2021-07-27
"negative",33,2021-07-27
"positive",182,2021-07-27
"trust",14,2021-07-27
"anger",81,2021-07-27
"anticipation",82,2021-07-27
"disgust",4,2021-07-27
"fear",5,2021-07-27
"joy",22,2021-07-27
"negative",24,2021-07-27
"positive",37,2021-07-27
"sadness",2,2021-07-27
"trust",6,2021-07-27
"anger",57,2021-07-27
"anticipation",95,2021-07-27
"disgust",3,2021-07-27
"fear",17,2021-07-27
"joy",189,2021-07-27
"negative",31,2021-07-27
"positive",51,2021-07-27
"surprise",7,2021-07-27
"trust",10,2021-07-27
"anger",56,2021-07-27
"anticipation",112,2021-07-27
"disgust",8,2021-07-27
"fear",2,2021-07-27
"joy",182,2021-07-27
"negative",24,2021-07-27
"positive",64,2021-07-27
"surprise",1,2021-07-27
"trust",6,2021-07-27
"anger",28,2021-07-27
"anticipation",53,2021-07-27
"disgust",1,2021-07-27
"fear",3,2021-07-27
"joy",27,2021-07-27
"negative",9,2021-07-27
"positive",49,2021-07-27
"surprise",1,2021-07-27
"trust",7,2021-07-27
"anger",34,2021-07-27
"anticipation",38,2021-07-27
"disgust",2,2021-07-27
"fear",12,2021-07-27
"joy",21,2021-07-27
"negative",12,2021-07-27
"positive",53,2021-07-27
"sadness",1,2021-07-27
"trust",6,2021-07-27
"anger",631,2021-07-27
"anticipation",967,2021-07-27
"disgust",70,2021-07-27
"fear",153,2021-07-27
"joy",354,2021-07-27
"negative",275,2021-07-27
"positive",1101,2021-07-27
"sadness",10,2021-07-27
"surprise",41,2021-07-27
"trust",152,2021-07-27
"anger",1125,2021-07-27
"anticipation",1838,2021-07-27
"disgust",134,2021-07-27
"fear",290,2021-07-27
"joy",775,2021-07-27
"negative",510,2021-07-27
"positive",2113,2021-07-27
"sadness",29,2021-07-27
"surprise",76,2021-07-27
"trust",305,2021-07-27
"anger",1104,2021-07-27
"anticipation",1712,2021-07-27
"disgust",124,2021-07-27
"fear",314,2021-07-27
"joy",710,2021-07-27
"negative",496,2021-07-27
"positive",2015,2021-07-27
"sadness",21,2021-07-27
"surprise",77,2021-07-27
"trust",328,2021-07-27
"anger",966,2021-07-27
"anticipation",1635,2021-07-27
"disgust",128,2021-07-27
"fear",307,2021-07-27
"joy",635,2021-07-27
"negative",451,2021-07-27
"positive",1598,2021-07-27
"sadness",12,2021-07-27
"surprise",61,2021-07-27
"trust",377,2021-07-27
"anger",827,2021-07-27
"anticipation",1557,2021-07-27
"disgust",132,2021-07-27
"fear",296,2021-07-27
"joy",623,2021-07-27
"negative",476,2021-07-27
"positive",1406,2021-07-27
"sadness",10,2021-07-27
"surprise",55,2021-07-27
"trust",355,2021-07-27
"anger",859,2021-07-27
"anticipation",1619,2021-07-27
"disgust",137,2021-07-27
"fear",269,2021-07-27
"joy",635,2021-07-27
"negative",520,2021-07-27
"positive",1419,2021-07-27
"sadness",13,2021-07-27
"surprise",60,2021-07-27
"trust",323,2021-07-27
"anger",1007,2021-07-27
"anticipation",1755,2021-07-27
"disgust",152,2021-07-27
"fear",241,2021-07-27
"joy",633,2021-07-27
"negative",572,2021-07-27
"positive",1621,2021-07-27
"sadness",18,2021-07-27
"surprise",77,2021-07-27
"trust",273,2021-07-27
"anger",1239,2021-07-27
"anticipation",1895,2021-07-27
"disgust",153,2021-07-27
"fear",226,2021-07-27
"joy",635,2021-07-27
"negative",590,2021-07-27
"positive",1870,2021-07-27
"sadness",32,2021-07-27
"surprise",88,2021-07-27
"trust",217,2021-07-27
"anger",1247,2021-07-27
"anticipation",1920,2021-07-27
"disgust",157,2021-07-27
"fear",227,2021-07-27
"joy",677,2021-07-27
"negative",546,2021-07-27
"positive",1885,2021-07-27
"sadness",32,2021-07-27
"surprise",90,2021-07-27
"trust",195,2021-07-27
"anger",1393,2021-07-27
"anticipation",1996,2021-07-27
"disgust",156,2021-07-27
"fear",233,2021-07-27
"joy",701,2021-07-27
"negative",553,2021-07-27
"positive",1905,2021-07-27
"sadness",30,2021-07-27
"surprise",83,2021-07-27
"trust",190,2021-07-27
"anger",1403,2021-07-27
"anticipation",1986,2021-07-27
"disgust",147,2021-07-27
"fear",228,2021-07-27
"joy",693,2021-07-27
"negative",500,2021-07-27
"positive",1810,2021-07-27
"sadness",26,2021-07-27
"surprise",78,2021-07-27
"trust",181,2021-07-27
"anger",1293,2021-07-27
"anticipation",1930,2021-07-27
"disgust",139,2021-07-27
"fear",217,2021-07-27
"joy",701,2021-07-27
"negative",458,2021-07-27
"positive",1704,2021-07-27
"sadness",26,2021-07-27
"surprise",63,2021-07-27
"trust",191,2021-07-27
"anger",1218,2021-07-27
"anticipation",1896,2021-07-27
"disgust",141,2021-07-27
"fear",206,2021-07-27
"joy",699,2021-07-27
"negative",456,2021-07-27
"positive",1550,2021-07-27
"sadness",22,2021-07-27
"surprise",57,2021-07-27
"trust",191,2021-07-27
"anger",1060,2021-07-27
"anticipation",2112,2021-07-27
"disgust",139,2021-07-27
"fear",203,2021-07-27
"joy",768,2021-07-27
"negative",483,2021-07-27
"positive",1366,2021-07-27
"sadness",8,2021-07-27
"surprise",65,2021-07-27
"trust",162,2021-07-27
"anger",1035,2021-07-27
"anticipation",2086,2021-07-27
"disgust",133,2021-07-27
"fear",188,2021-07-27
"joy",755,2021-07-27
"negative",499,2021-07-27
"positive",1324,2021-07-27
"sadness",8,2021-07-27
"surprise",55,2021-07-27
"trust",163,2021-07-27
"anger",893,2021-07-27
"anticipation",2026,2021-07-27
"disgust",181,2021-07-27
"fear",174,2021-07-27
"joy",751,2021-07-27
"negative",470,2021-07-27
"positive",1290,2021-07-27
"sadness",13,2021-07-27
"surprise",52,2021-07-27
"trust",151,2021-07-27
"anger",853,2021-07-27
"anticipation",1991,2021-07-27
"disgust",180,2021-07-27
"fear",165,2021-07-27
"joy",752,2021-07-27
"negative",508,2021-07-27
"positive",1410,2021-07-27
"sadness",17,2021-07-27
"surprise",66,2021-07-27
"trust",144,2021-07-27
"anger",921,2021-07-27
"anticipation",2089,2021-07-27
"disgust",179,2021-07-27
"fear",216,2021-07-27
"joy",779,2021-07-27
"negative",544,2021-07-27
"positive",1577,2021-07-27
"sadness",20,2021-07-27
"surprise",91,2021-07-27
"trust",137,2021-07-27
"anger",989,2021-07-27
"anticipation",1788,2021-07-27
"disgust",165,2021-07-27
"fear",215,2021-07-27
"joy",732,2021-07-27
"negative",628,2021-07-27
"positive",1875,2021-07-27
"sadness",22,2021-07-27
"surprise",106,2021-07-27
"trust",155,2021-07-27
"anger",992,2021-07-27
"anticipation",1743,2021-07-27
"disgust",164,2021-07-27
"fear",227,2021-07-27
"joy",701,2021-07-27
"negative",658,2021-07-27
"positive",1955,2021-07-27
"sadness",22,2021-07-27
"surprise",107,2021-07-27
"trust",164,2021-07-27
"anger",1260,2021-07-27
"anticipation",1930,2021-07-27
"disgust",119,2021-07-27
"fear",227,2021-07-27
"joy",677,2021-07-27
"negative",682,2021-07-27
"positive",2024,2021-07-27
"sadness",12,2021-07-27
"surprise",121,2021-07-27
"trust",172,2021-07-27
"anger",1226,2021-07-27
"anticipation",1867,2021-07-27
"disgust",122,2021-07-27
"fear",219,2021-07-27
"joy",653,2021-07-27
"negative",639,2021-07-27
"positive",1957,2021-07-27
"sadness",9,2021-07-27
"surprise",96,2021-07-27
"trust",206,2021-07-27
"anger",1164,2021-07-27
"anticipation",1854,2021-07-27
"disgust",136,2021-07-27
"fear",220,2021-07-27
"joy",659,2021-07-27
"negative",616,2021-07-27
"positive",1864,2021-07-27
"sadness",8,2021-07-27
"surprise",85,2021-07-27
"trust",230,2021-07-27
"anger",1170,2021-07-27
"anticipation",2059,2021-07-27
"disgust",145,2021-07-27
"fear",225,2021-07-27
"joy",698,2021-07-27
"negative",559,2021-07-27
"positive",1718,2021-07-27
"sadness",8,2021-07-27
"surprise",87,2021-07-27
"trust",240,2021-07-27
"anger",1189,2021-07-27
"anticipation",2193,2021-07-27
"disgust",147,2021-07-27
"fear",220,2021-07-27
"joy",709,2021-07-27
"negative",590,2021-07-27
"positive",1641,2021-07-27
"sadness",9,2021-07-27
"surprise",82,2021-07-27
"trust",234,2021-07-27
"anger",1179,2021-07-27
"anticipation",2246,2021-07-27
"disgust",150,2021-07-27
"fear",227,2021-07-27
"joy",695,2021-07-27
"negative",656,2021-07-27
"positive",1654,2021-07-27
"sadness",10,2021-07-27
"surprise",79,2021-07-27
"trust",227,2021-07-27
"anger",1162,2021-07-28
"anticipation",2142,2021-07-28
"disgust",152,2021-07-28
"fear",246,2021-07-28
"joy",723,2021-07-28
"negative",713,2021-07-28
"positive",1755,2021-07-28
"sadness",11,2021-07-28
"surprise",68,2021-07-28
"trust",235,2021-07-28
"anger",1439,2021-07-28
"anticipation",2222,2021-07-28
"disgust",167,2021-07-28
"fear",274,2021-07-28
"joy",790,2021-07-28
"negative",878,2021-07-28
"positive",1789,2021-07-28
"sadness",25,2021-07-28
"surprise",86,2021-07-28
"trust",179,2021-07-28
"anger",1538,2021-07-28
"anticipation",2442,2021-07-28
"disgust",194,2021-07-28
"fear",266,2021-07-28
"joy",879,2021-07-28
"negative",855,2021-07-28
"positive",1592,2021-07-28
"sadness",30,2021-07-28
"surprise",88,2021-07-28
"trust",165,2021-07-28
"anger",1448,2021-07-28
"anticipation",2501,2021-07-28
"disgust",197,2021-07-28
"fear",272,2021-07-28
"joy",900,2021-07-28
"negative",854,2021-07-28
"positive",1539,2021-07-28
"sadness",24,2021-07-28
"surprise",87,2021-07-28
"trust",167,2021-07-28
"anger",1436,2021-07-28
"anticipation",2530,2021-07-28
"disgust",196,2021-07-28
"fear",277,2021-07-28
"joy",906,2021-07-28
"negative",846,2021-07-28
"positive",1547,2021-07-28
"sadness",28,2021-07-28
"surprise",84,2021-07-28
"trust",164,2021-07-28
"anger",1288,2021-07-28
"anticipation",2572,2021-07-28
"disgust",197,2021-07-28
"fear",263,2021-07-28
"joy",895,2021-07-28
"negative",814,2021-07-28
"positive",1527,2021-07-28
"sadness",32,2021-07-28
"surprise",91,2021-07-28
"trust",176,2021-07-28
"anger",1217,2021-07-28
"anticipation",2609,2021-07-28
"disgust",220,2021-07-28
"fear",266,2021-07-28
"joy",888,2021-07-28
"negative",791,2021-07-28
"positive",1501,2021-07-28
"sadness",35,2021-07-28
"surprise",91,2021-07-28
"trust",184,2021-07-28
"anger",1136,2021-07-28
"anticipation",2695,2021-07-28
"disgust",228,2021-07-28
"fear",261,2021-07-28
"joy",873,2021-07-28
"negative",755,2021-07-28
"positive",1470,2021-07-28
"sadness",38,2021-07-28
"surprise",94,2021-07-28
"trust",193,2021-07-28
"anger",1118,2021-07-28
"anticipation",2734,2021-07-28
"disgust",238,2021-07-28
"fear",258,2021-07-28
"joy",863,2021-07-28
"negative",735,2021-07-28
"positive",1449,2021-07-28
"sadness",43,2021-07-28
"surprise",99,2021-07-28
"trust",194,2021-07-28
"anger",1122,2021-07-28
"anticipation",2750,2021-07-28
"disgust",237,2021-07-28
"fear",257,2021-07-28
"joy",858,2021-07-28
"negative",724,2021-07-28
"positive",1450,2021-07-28
"sadness",43,2021-07-28
"surprise",97,2021-07-28
"trust",193,2021-07-28
"anger",1121,2021-07-28
"anticipation",2759,2021-07-28
"disgust",235,2021-07-28
"fear",256,2021-07-28
"joy",850,2021-07-28
"negative",715,2021-07-28
"positive",1443,2021-07-28
"sadness",43,2021-07-28
"surprise",95,2021-07-28
"trust",191,2021-07-28
"anger",1102,2021-07-28
"anticipation",2762,2021-07-28
"disgust",239,2021-07-28
"fear",256,2021-07-28
"joy",847,2021-07-28
"negative",709,2021-07-28
"positive",1435,2021-07-28
"sadness",44,2021-07-28
"surprise",96,2021-07-28
"trust",190,2021-07-28
"anger",1088,2021-07-28
"anticipation",2763,2021-07-28
"disgust",237,2021-07-28
"fear",259,2021-07-28
"joy",845,2021-07-28
"negative",698,2021-07-28
"positive",1431,2021-07-28
"sadness",43,2021-07-28
"surprise",96,2021-07-28
"trust",189,2021-07-28
"anger",1074,2021-07-28
"anticipation",2755,2021-07-28
"disgust",226,2021-07-28
"fear",252,2021-07-28
"joy",833,2021-07-28
"negative",679,2021-07-28
"positive",1419,2021-07-28
"sadness",42,2021-07-28
"surprise",98,2021-07-28
"trust",199,2021-07-28
"anger",1052,2021-07-28
"anticipation",2774,2021-07-28
"disgust",209,2021-07-28
"fear",252,2021-07-28
"joy",831,2021-07-28
"negative",631,2021-07-28
"positive",1423,2021-07-28
"sadness",41,2021-07-28
"surprise",98,2021-07-28
"trust",205,2021-07-28
"anger",1024,2021-07-28
"anticipation",2736,2021-07-28
"disgust",207,2021-07-28
"fear",244,2021-07-28
"joy",833,2021-07-28
"negative",602,2021-07-28
"positive",1407,2021-07-28
"sadness",41,2021-07-28
"surprise",98,2021-07-28
"trust",205,2021-07-28
"anger",987,2021-07-28
"anticipation",2536,2021-07-28
"disgust",205,2021-07-28
"fear",236,2021-07-28
"joy",822,2021-07-28
"negative",582,2021-07-28
"positive",1377,2021-07-28
"sadness",38,2021-07-28
"surprise",92,2021-07-28
"trust",215,2021-07-28
"anger",894,2021-07-28
"anticipation",2455,2021-07-28
"disgust",210,2021-07-28
"fear",220,2021-07-28
"joy",774,2021-07-28
"negative",563,2021-07-28
"positive",1349,2021-07-28
"sadness",39,2021-07-28
"surprise",90,2021-07-28
"trust",208,2021-07-28
"anger",842,2021-07-28
"anticipation",2439,2021-07-28
"disgust",216,2021-07-28
"fear",206,2021-07-28
"joy",753,2021-07-28
"negative",534,2021-07-28
"positive",1296,2021-07-28
"sadness",47,2021-07-28
"surprise",79,2021-07-28
"trust",205,2021-07-28
"anger",833,2021-07-28
"anticipation",2424,2021-07-28
"disgust",216,2021-07-28
"fear",211,2021-07-28
"joy",743,2021-07-28
"negative",518,2021-07-28
"positive",1299,2021-07-28
"sadness",47,2021-07-28
"surprise",80,2021-07-28
"trust",202,2021-07-28
"anger",815,2021-07-28
"anticipation",2386,2021-07-28
"disgust",190,2021-07-28
"fear",189,2021-07-28
"joy",699,2021-07-28
"negative",448,2021-07-28
"positive",1228,2021-07-28
"sadness",46,2021-07-28
"surprise",75,2021-07-28
"trust",189,2021-07-28
"anger",784,2021-07-28
"anticipation",2173,2021-07-28
"disgust",174,2021-07-28
"fear",180,2021-07-28
"joy",666,2021-07-28
"negative",398,2021-07-28
"positive",1121,2021-07-28
"sadness",40,2021-07-28
"surprise",58,2021-07-28
"trust",168,2021-07-28
"anger",743,2021-07-28
"anticipation",1861,2021-07-28
"disgust",127,2021-07-28
"fear",149,2021-07-28
"joy",639,2021-07-28
"negative",368,2021-07-28
"positive",1061,2021-07-28
"sadness",29,2021-07-28
"surprise",68,2021-07-28
"trust",165,2021-07-28
"anger",719,2021-07-28
"anticipation",1766,2021-07-28
"disgust",117,2021-07-28
"fear",146,2021-07-28
"joy",605,2021-07-28
"negative",371,2021-07-28
"positive",1034,2021-07-28
"sadness",25,2021-07-28
"surprise",69,2021-07-28
"trust",146,2021-07-28
"anger",734,2021-07-28
"anticipation",1723,2021-07-28
"disgust",116,2021-07-28
"fear",147,2021-07-28
"joy",610,2021-07-28
"negative",388,2021-07-28
"positive",1043,2021-07-28
"sadness",23,2021-07-28
"surprise",79,2021-07-28
"trust",139,2021-07-28
"anger",757,2021-07-28
"anticipation",1617,2021-07-28
"disgust",154,2021-07-28
"fear",156,2021-07-28
"joy",681,2021-07-28
"negative",503,2021-07-28
"positive",1012,2021-07-28
"sadness",22,2021-07-28
"surprise",85,2021-07-28
"trust",138,2021-07-28
"anger",757,2021-07-28
"anticipation",1584,2021-07-28
"disgust",146,2021-07-28
"fear",156,2021-07-28
"joy",670,2021-07-28
"negative",528,2021-07-28
"positive",1029,2021-07-28
"sadness",18,2021-07-28
"surprise",89,2021-07-28
"trust",146,2021-07-28
"anger",766,2021-07-28
"anticipation",1687,2021-07-28
"disgust",158,2021-07-28
"fear",171,2021-07-28
"joy",725,2021-07-28
"negative",582,2021-07-28
"positive",1068,2021-07-28
"sadness",17,2021-07-28
"surprise",84,2021-07-28
"trust",156,2021-07-28
"anger",742,2021-07-28
"anticipation",1680,2021-07-28
"disgust",170,2021-07-28
"fear",155,2021-07-28
"joy",746,2021-07-28
"negative",598,2021-07-28
"positive",1000,2021-07-28
"sadness",19,2021-07-28
"surprise",62,2021-07-28
"trust",143,2021-07-28
"anger",726,2021-07-28
"anticipation",1713,2021-07-28
"disgust",158,2021-07-28
"fear",154,2021-07-28
"joy",781,2021-07-28
"negative",563,2021-07-28
"positive",987,2021-07-28
"sadness",17,2021-07-28
"surprise",63,2021-07-28
"trust",147,2021-07-28
"anger",657,2021-07-28
"anticipation",1763,2021-07-28
"disgust",133,2021-07-28
"fear",171,2021-07-28
"joy",822,2021-07-28
"negative",467,2021-07-28
"positive",1060,2021-07-28
"sadness",18,2021-07-28
"surprise",58,2021-07-28
"trust",148,2021-07-28
"anger",644,2021-07-28
"anticipation",1821,2021-07-28
"disgust",127,2021-07-28
"fear",169,2021-07-28
"joy",820,2021-07-28
"negative",445,2021-07-28
"positive",1093,2021-07-28
"sadness",17,2021-07-28
"surprise",50,2021-07-28
"trust",152,2021-07-28
"anger",636,2021-07-28
"anticipation",1777,2021-07-28
"disgust",120,2021-07-28
"fear",163,2021-07-28
"joy",811,2021-07-28
"negative",420,2021-07-28
"positive",1117,2021-07-28
"sadness",16,2021-07-28
"surprise",47,2021-07-28
"trust",151,2021-07-28
"anger",658,2021-07-28
"anticipation",1764,2021-07-28
"disgust",126,2021-07-28
"fear",154,2021-07-28
"joy",787,2021-07-28
"negative",376,2021-07-28
"positive",1131,2021-07-28
"sadness",16,2021-07-28
"surprise",43,2021-07-28
"trust",148,2021-07-28
"anger",879,2021-07-28
"anticipation",2010,2021-07-28
"disgust",110,2021-07-28
"fear",182,2021-07-28
"joy",839,2021-07-28
"negative",444,2021-07-28
"positive",1338,2021-07-28
"sadness",12,2021-07-28
"surprise",50,2021-07-28
"trust",171,2021-07-28
"anger",920,2021-07-28
"anticipation",2003,2021-07-28
"disgust",115,2021-07-28
"fear",175,2021-07-28
"joy",789,2021-07-28
"negative",485,2021-07-28
"positive",1400,2021-07-28
"sadness",9,2021-07-28
"surprise",44,2021-07-28
"trust",163,2021-07-28
"anger",1064,2021-07-28
"anticipation",2098,2021-07-28
"disgust",119,2021-07-28
"fear",200,2021-07-28
"joy",792,2021-07-28
"negative",501,2021-07-28
"positive",1415,2021-07-28
"sadness",11,2021-07-28
"surprise",44,2021-07-28
"trust",180,2021-07-28
"anger",1022,2021-07-28
"anticipation",2045,2021-07-28
"disgust",115,2021-07-28
"fear",204,2021-07-28
"joy",785,2021-07-28
"negative",501,2021-07-28
"positive",1410,2021-07-28
"sadness",12,2021-07-28
"surprise",47,2021-07-28
"trust",172,2021-07-28
"anger",962,2021-07-28
"anticipation",1929,2021-07-28
"disgust",107,2021-07-28
"fear",201,2021-07-28
"joy",793,2021-07-28
"negative",485,2021-07-28
"positive",1317,2021-07-28
"sadness",11,2021-07-28
"surprise",45,2021-07-28
"trust",162,2021-07-28
"anger",925,2021-07-28
"anticipation",1874,2021-07-28
"disgust",107,2021-07-28
"fear",209,2021-07-28
"joy",763,2021-07-28
"negative",457,2021-07-28
"positive",1252,2021-07-28
"sadness",10,2021-07-28
"surprise",40,2021-07-28
"trust",162,2021-07-28
"anger",916,2021-07-28
"anticipation",1843,2021-07-28
"disgust",116,2021-07-28
"fear",209,2021-07-28
"joy",739,2021-07-28
"negative",449,2021-07-28
"positive",1235,2021-07-28
"sadness",11,2021-07-28
"surprise",38,2021-07-28
"trust",148,2021-07-28
"anger",943,2021-07-28
"anticipation",1886,2021-07-28
"disgust",116,2021-07-28
"fear",219,2021-07-28
"joy",739,2021-07-28
"negative",461,2021-07-28
"positive",1190,2021-07-28
"sadness",13,2021-07-28
"surprise",38,2021-07-28
"trust",146,2021-07-28
"anger",952,2021-07-28
"anticipation",1930,2021-07-28
"disgust",120,2021-07-28
"fear",220,2021-07-28
"joy",743,2021-07-28
"negative",453,2021-07-28
"positive",1176,2021-07-28
"sadness",16,2021-07-28
"surprise",54,2021-07-28
"trust",144,2021-07-28
"anger",981,2021-07-28
"anticipation",1989,2021-07-28
"disgust",123,2021-07-28
"fear",208,2021-07-28
"joy",748,2021-07-28
"negative",474,2021-07-28
"positive",1223,2021-07-28
"sadness",14,2021-07-28
"surprise",58,2021-07-28
"trust",150,2021-07-28
"anger",980,2021-07-28
"anticipation",2080,2021-07-28
"disgust",124,2021-07-28
"fear",211,2021-07-28
"joy",786,2021-07-28
"negative",501,2021-07-28
"positive",1214,2021-07-28
"sadness",19,2021-07-28
"surprise",64,2021-07-28
"trust",139,2021-07-28
"anger",1021,2021-07-28
"anticipation",2541,2021-07-28
"disgust",143,2021-07-28
"fear",187,2021-07-28
"joy",845,2021-07-28
"negative",496,2021-07-28
"positive",1395,2021-07-28
"sadness",20,2021-07-28
"surprise",83,2021-07-28
"trust",149,2021-07-28
"anger",970,2021-07-28
"anticipation",2656,2021-07-28
"disgust",134,2021-07-28
"fear",184,2021-07-28
"joy",860,2021-07-28
"negative",464,2021-07-28
"positive",1314,2021-07-28
"sadness",20,2021-07-28
"surprise",77,2021-07-28
"trust",134,2021-07-28
"anger",954,2021-07-28
"anticipation",2603,2021-07-28
"disgust",135,2021-07-28
"fear",190,2021-07-28
"joy",836,2021-07-28
"negative",469,2021-07-28
"positive",1292,2021-07-28
"sadness",20,2021-07-28
"surprise",70,2021-07-28
"trust",137,2021-07-28
"anger",921,2021-07-28
"anticipation",2520,2021-07-28
"disgust",134,2021-07-28
"fear",194,2021-07-28
"joy",830,2021-07-28
"negative",499,2021-07-28
"positive",1250,2021-07-28
"sadness",15,2021-07-28
"surprise",72,2021-07-28
"trust",130,2021-07-28
"anger",875,2021-07-28
"anticipation",2575,2021-07-28
"disgust",113,2021-07-28
"fear",199,2021-07-28
"joy",802,2021-07-28
"negative",560,2021-07-28
"positive",1173,2021-07-28
"sadness",17,2021-07-28
"surprise",70,2021-07-28
"trust",151,2021-07-28
"anger",797,2021-07-28
"anticipation",2578,2021-07-28
"disgust",123,2021-07-28
"fear",209,2021-07-28
"joy",779,2021-07-28
"negative",565,2021-07-28
"positive",1158,2021-07-28
"sadness",16,2021-07-28
"surprise",84,2021-07-28
"trust",157,2021-07-28
"anger",776,2021-07-28
"anticipation",2602,2021-07-28
"disgust",123,2021-07-28
"fear",221,2021-07-28
"joy",761,2021-07-28
"negative",572,2021-07-28
"positive",1160,2021-07-28
"sadness",16,2021-07-28
"surprise",85,2021-07-28
"trust",157,2021-07-28
"anger",769,2021-07-28
"anticipation",2401,2021-07-28
"disgust",121,2021-07-28
"fear",220,2021-07-28
"joy",716,2021-07-28
"negative",585,2021-07-28
"positive",1166,2021-07-28
"sadness",16,2021-07-28
"surprise",71,2021-07-28
"trust",150,2021-07-28
"anger",811,2021-07-28
"anticipation",2116,2021-07-28
"disgust",133,2021-07-28
"fear",204,2021-07-28
"joy",702,2021-07-28
"negative",590,2021-07-28
"positive",1175,2021-07-28
"sadness",14,2021-07-28
"surprise",74,2021-07-28
"trust",151,2021-07-28
"anger",803,2021-07-28
"anticipation",1972,2021-07-28
"disgust",143,2021-07-28
"fear",217,2021-07-28
"joy",701,2021-07-28
"negative",690,2021-07-28
"positive",1212,2021-07-28
"sadness",14,2021-07-28
"surprise",83,2021-07-28
"trust",156,2021-07-28
"anger",814,2021-07-28
"anticipation",1946,2021-07-28
"disgust",142,2021-07-28
"fear",219,2021-07-28
"joy",718,2021-07-28
"negative",724,2021-07-28
"positive",1201,2021-07-28
"sadness",14,2021-07-28
"surprise",91,2021-07-28
"trust",153,2021-07-28
"anger",884,2021-07-28
"anticipation",2026,2021-07-28
"disgust",148,2021-07-28
"fear",236,2021-07-28
"joy",803,2021-07-28
"negative",713,2021-07-28
"positive",1277,2021-07-28
"sadness",18,2021-07-28
"surprise",89,2021-07-28
"trust",151,2021-07-28
"anger",950,2021-07-28
"anticipation",2093,2021-07-28
"disgust",158,2021-07-28
"fear",242,2021-07-28
"joy",844,2021-07-28
"negative",716,2021-07-28
"positive",1355,2021-07-28
"sadness",18,2021-07-28
"surprise",97,2021-07-28
"trust",158,2021-07-28
"anger",1075,2021-07-28
"anticipation",1944,2021-07-28
"disgust",168,2021-07-28
"fear",237,2021-07-28
"joy",892,2021-07-28
"negative",778,2021-07-28
"positive",1431,2021-07-28
"sadness",17,2021-07-28
"surprise",95,2021-07-28
"trust",155,2021-07-28
"anger",1259,2021-07-28
"anticipation",1992,2021-07-28
"disgust",171,2021-07-28
"fear",242,2021-07-28
"joy",936,2021-07-28
"negative",841,2021-07-28
"positive",1569,2021-07-28
"sadness",16,2021-07-28
"surprise",94,2021-07-28
"trust",193,2021-07-28
"anger",1280,2021-07-28
"anticipation",2018,2021-07-28
"disgust",164,2021-07-28
"fear",243,2021-07-28
"joy",949,2021-07-28
"negative",843,2021-07-28
"positive",1602,2021-07-28
"sadness",14,2021-07-28
"surprise",85,2021-07-28
"trust",204,2021-07-28
"anger",1319,2021-07-28
"anticipation",2048,2021-07-28
"disgust",159,2021-07-28
"fear",230,2021-07-28
"joy",956,2021-07-28
"negative",756,2021-07-28
"positive",1652,2021-07-28
"sadness",15,2021-07-28
"surprise",79,2021-07-28
"trust",206,2021-07-28
"anger",1340,2021-07-28
"anticipation",2080,2021-07-28
"disgust",162,2021-07-28
"fear",232,2021-07-28
"joy",946,2021-07-28
"negative",708,2021-07-28
"positive",1702,2021-07-28
"sadness",15,2021-07-28
"surprise",77,2021-07-28
"trust",207,2021-07-28
"anger",1338,2021-07-28
"anticipation",2096,2021-07-28
"disgust",149,2021-07-28
"fear",225,2021-07-28
"joy",929,2021-07-28
"negative",689,2021-07-28
"positive",1728,2021-07-28
"sadness",12,2021-07-28
"surprise",81,2021-07-28
"trust",207,2021-07-28
"anger",1346,2021-07-28
"anticipation",2067,2021-07-28
"disgust",151,2021-07-28
"fear",225,2021-07-28
"joy",910,2021-07-28
"negative",698,2021-07-28
"positive",1725,2021-07-28
"sadness",11,2021-07-28
"surprise",92,2021-07-28
"trust",209,2021-07-28
"anger",1262,2021-07-28
"anticipation",2172,2021-07-28
"disgust",160,2021-07-28
"fear",216,2021-07-28
"joy",899,2021-07-28
"negative",917,2021-07-28
"positive",1697,2021-07-28
"sadness",45,2021-07-28
"surprise",96,2021-07-28
"trust",206,2021-07-28
"anger",1156,2021-07-28
"anticipation",2271,2021-07-28
"disgust",156,2021-07-28
"fear",213,2021-07-28
"joy",874,2021-07-28
"negative",965,2021-07-28
"positive",1779,2021-07-28
"sadness",69,2021-07-28
"surprise",87,2021-07-28
"trust",208,2021-07-28
"anger",1160,2021-07-28
"anticipation",2330,2021-07-28
"disgust",162,2021-07-28
"fear",205,2021-07-28
"joy",892,2021-07-28
"negative",978,2021-07-28
"positive",1841,2021-07-28
"sadness",72,2021-07-28
"surprise",90,2021-07-28
"trust",196,2021-07-28
"anger",1107,2021-07-28
"anticipation",2332,2021-07-28
"disgust",162,2021-07-28
"fear",204,2021-07-28
"joy",895,2021-07-28
"negative",962,2021-07-28
"positive",1824,2021-07-28
"sadness",73,2021-07-28
"surprise",93,2021-07-28
"trust",198,2021-07-28
"anger",1050,2021-07-28
"anticipation",2327,2021-07-28
"disgust",159,2021-07-28
"fear",204,2021-07-28
"joy",876,2021-07-28
"negative",979,2021-07-28
"positive",1826,2021-07-28
"sadness",82,2021-07-28
"surprise",94,2021-07-28
"trust",172,2021-07-28
"anger",1008,2021-07-29
"anticipation",2414,2021-07-29
"disgust",174,2021-07-29
"fear",214,2021-07-29
"joy",837,2021-07-29
"negative",997,2021-07-29
"positive",1809,2021-07-29
"sadness",87,2021-07-29
"surprise",92,2021-07-29
"trust",158,2021-07-29
"anger",975,2021-07-29
"anticipation",2500,2021-07-29
"disgust",179,2021-07-29
"fear",217,2021-07-29
"joy",832,2021-07-29
"negative",1086,2021-07-29
"positive",1770,2021-07-29
"sadness",89,2021-07-29
"surprise",90,2021-07-29
"trust",166,2021-07-29
"anger",985,2021-07-29
"anticipation",2416,2021-07-29
"disgust",179,2021-07-29
"fear",220,2021-07-29
"joy",842,2021-07-29
"negative",1095,2021-07-29
"positive",1793,2021-07-29
"sadness",89,2021-07-29
"surprise",91,2021-07-29
"trust",169,2021-07-29
"anger",981,2021-07-29
"anticipation",2461,2021-07-29
"disgust",181,2021-07-29
"fear",219,2021-07-29
"joy",849,2021-07-29
"negative",1102,2021-07-29
"positive",1783,2021-07-29
"sadness",90,2021-07-29
"surprise",89,2021-07-29
"trust",166,2021-07-29
"anger",977,2021-07-29
"anticipation",2475,2021-07-29
"disgust",181,2021-07-29
"fear",217,2021-07-29
"joy",850,2021-07-29
"negative",1099,2021-07-29
"positive",1781,2021-07-29
"sadness",90,2021-07-29
"surprise",89,2021-07-29
"trust",167,2021-07-29
"anger",971,2021-07-29
"anticipation",2489,2021-07-29
"disgust",183,2021-07-29
"fear",216,2021-07-29
"joy",846,2021-07-29
"negative",1099,2021-07-29
"positive",1782,2021-07-29
"sadness",89,2021-07-29
"surprise",89,2021-07-29
"trust",169,2021-07-29
"anger",967,2021-07-29
"anticipation",2483,2021-07-29
"disgust",186,2021-07-29
"fear",215,2021-07-29
"joy",836,2021-07-29
"negative",1096,2021-07-29
"positive",1784,2021-07-29
"sadness",89,2021-07-29
"surprise",88,2021-07-29
"trust",167,2021-07-29
"anger",940,2021-07-29
"anticipation",2598,2021-07-29
"disgust",187,2021-07-29
"fear",211,2021-07-29
"joy",816,2021-07-29
"negative",1076,2021-07-29
"positive",1744,2021-07-29
"sadness",89,2021-07-29
"surprise",86,2021-07-29
"trust",165,2021-07-29
"anger",950,2021-07-29
"anticipation",2587,2021-07-29
"disgust",186,2021-07-29
"fear",213,2021-07-29
"joy",807,2021-07-29
"negative",1070,2021-07-29
"positive",1743,2021-07-29
"sadness",89,2021-07-29
"surprise",83,2021-07-29
"trust",168,2021-07-29
"anger",939,2021-07-29
"anticipation",2591,2021-07-29
"disgust",187,2021-07-29
"fear",218,2021-07-29
"joy",812,2021-07-29
"negative",1068,2021-07-29
"positive",1737,2021-07-29
"sadness",89,2021-07-29
"surprise",82,2021-07-29
"trust",168,2021-07-29
"anger",939,2021-07-29
"anticipation",2598,2021-07-29
"disgust",187,2021-07-29
"fear",216,2021-07-29
"joy",807,2021-07-29
"negative",1060,2021-07-29
"positive",1733,2021-07-29
"sadness",89,2021-07-29
"surprise",79,2021-07-29
"trust",172,2021-07-29
"anger",938,2021-07-29
"anticipation",2582,2021-07-29
"disgust",187,2021-07-29
"fear",214,2021-07-29
"joy",802,2021-07-29
"negative",1058,2021-07-29
"positive",1717,2021-07-29
"sadness",89,2021-07-29
"surprise",79,2021-07-29
"trust",174,2021-07-29
"anger",935,2021-07-29
"anticipation",2583,2021-07-29
"disgust",189,2021-07-29
"fear",217,2021-07-29
"joy",796,2021-07-29
"negative",1053,2021-07-29
"positive",1712,2021-07-29
"sadness",89,2021-07-29
"surprise",77,2021-07-29
"trust",177,2021-07-29
"anger",937,2021-07-29
"anticipation",2595,2021-07-29
"disgust",193,2021-07-29
"fear",216,2021-07-29
"joy",802,2021-07-29
"negative",1049,2021-07-29
"positive",1715,2021-07-29
"sadness",89,2021-07-29
"surprise",74,2021-07-29
"trust",180,2021-07-29
"anger",944,2021-07-29
"anticipation",2628,2021-07-29
"disgust",187,2021-07-29
"fear",220,2021-07-29
"joy",799,2021-07-29
"negative",957,2021-07-29
"positive",1717,2021-07-29
"sadness",85,2021-07-29
"surprise",69,2021-07-29
"trust",180,2021-07-29
"anger",940,2021-07-29
"anticipation",2559,2021-07-29
"disgust",176,2021-07-29
"fear",228,2021-07-29
"joy",790,2021-07-29
"negative",855,2021-07-29
"positive",1638,2021-07-29
"sadness",56,2021-07-29
"surprise",66,2021-07-29
"trust",176,2021-07-29
"anger",928,2021-07-29
"anticipation",2545,2021-07-29
"disgust",171,2021-07-29
"fear",236,2021-07-29
"joy",790,2021-07-29
"negative",837,2021-07-29
"positive",1599,2021-07-29
"sadness",47,2021-07-29
"surprise",66,2021-07-29
"trust",179,2021-07-29
"anger",897,2021-07-29
"anticipation",2390,2021-07-29
"disgust",162,2021-07-29
"fear",217,2021-07-29
"joy",746,2021-07-29
"negative",729,2021-07-29
"positive",1403,2021-07-29
"sadness",33,2021-07-29
"surprise",60,2021-07-29
"trust",188,2021-07-29
"anger",868,2021-07-29
"anticipation",2322,2021-07-29
"disgust",150,2021-07-29
"fear",217,2021-07-29
"joy",706,2021-07-29
"negative",706,2021-07-29
"positive",1336,2021-07-29
"sadness",32,2021-07-29
"surprise",56,2021-07-29
"trust",183,2021-07-29
"anger",803,2021-07-29
"anticipation",2268,2021-07-29
"disgust",142,2021-07-29
"fear",217,2021-07-29
"joy",683,2021-07-29
"negative",678,2021-07-29
"positive",1296,2021-07-29
"sadness",31,2021-07-29
"surprise",55,2021-07-29
"trust",180,2021-07-29
"anger",754,2021-07-29
"anticipation",2207,2021-07-29
"disgust",138,2021-07-29
"fear",210,2021-07-29
"joy",679,2021-07-29
"negative",626,2021-07-29
"positive",1253,2021-07-29
"sadness",25,2021-07-29
"surprise",51,2021-07-29
"trust",172,2021-07-29
"anger",696,2021-07-29
"anticipation",2055,2021-07-29
"disgust",126,2021-07-29
"fear",191,2021-07-29
"joy",656,2021-07-29
"negative",562,2021-07-29
"positive",1138,2021-07-29
"sadness",18,2021-07-29
"surprise",54,2021-07-29
"trust",172,2021-07-29
"anger",665,2021-07-29
"anticipation",1816,2021-07-29
"disgust",121,2021-07-29
"fear",173,2021-07-29
"joy",612,2021-07-29
"negative",464,2021-07-29
"positive",1064,2021-07-29
"sadness",17,2021-07-29
"surprise",48,2021-07-29
"trust",165,2021-07-29
"anger",675,2021-07-29
"anticipation",1716,2021-07-29
"disgust",112,2021-07-29
"fear",170,2021-07-29
"joy",603,2021-07-29
"negative",467,2021-07-29
"positive",1053,2021-07-29
"sadness",15,2021-07-29
"surprise",45,2021-07-29
"trust",166,2021-07-29
"anger",684,2021-07-29
"anticipation",1601,2021-07-29
"disgust",101,2021-07-29
"fear",151,2021-07-29
"joy",601,2021-07-29
"negative",486,2021-07-29
"positive",1008,2021-07-29
"sadness",20,2021-07-29
"surprise",41,2021-07-29
"trust",151,2021-07-29
"anger",703,2021-07-29
"anticipation",1546,2021-07-29
"disgust",104,2021-07-29
"fear",141,2021-07-29
"joy",647,2021-07-29
"negative",490,2021-07-29
"positive",1037,2021-07-29
"sadness",22,2021-07-29
"surprise",47,2021-07-29
"trust",145,2021-07-29
"anger",839,2021-07-29
"anticipation",1421,2021-07-29
"disgust",125,2021-07-29
"fear",285,2021-07-29
"joy",716,2021-07-29
"negative",869,2021-07-29
"positive",1151,2021-07-29
"sadness",18,2021-07-29
"surprise",84,2021-07-29
"trust",135,2021-07-29
"anger",905,2021-07-29
"anticipation",1854,2021-07-29
"disgust",164,2021-07-29
"fear",346,2021-07-29
"joy",735,2021-07-29
"negative",1028,2021-07-29
"positive",1379,2021-07-29
"sadness",27,2021-07-29
"surprise",82,2021-07-29
"trust",190,2021-07-29
"anger",981,2021-07-29
"anticipation",2089,2021-07-29
"disgust",177,2021-07-29
"fear",401,2021-07-29
"joy",747,2021-07-29
"negative",1140,2021-07-29
"positive",1455,2021-07-29
"sadness",23,2021-07-29
"surprise",97,2021-07-29
"trust",205,2021-07-29
"anger",957,2021-07-29
"anticipation",2175,2021-07-29
"disgust",181,2021-07-29
"fear",407,2021-07-29
"joy",767,2021-07-29
"negative",1132,2021-07-29
"positive",1475,2021-07-29
"sadness",23,2021-07-29
"surprise",90,2021-07-29
"trust",205,2021-07-29
"anger",944,2021-07-29
"anticipation",2189,2021-07-29
"disgust",189,2021-07-29
"fear",414,2021-07-29
"joy",773,2021-07-29
"negative",1122,2021-07-29
"positive",1461,2021-07-29
"sadness",22,2021-07-29
"surprise",88,2021-07-29
"trust",199,2021-07-29
"anger",922,2021-07-29
"anticipation",2173,2021-07-29
"disgust",196,2021-07-29
"fear",406,2021-07-29
"joy",777,2021-07-29
"negative",1120,2021-07-29
"positive",1444,2021-07-29
"sadness",21,2021-07-29
"surprise",83,2021-07-29
"trust",197,2021-07-29
"anger",889,2021-07-29
"anticipation",2109,2021-07-29
"disgust",200,2021-07-29
"fear",396,2021-07-29
"joy",814,2021-07-29
"negative",1120,2021-07-29
"positive",1419,2021-07-29
"sadness",19,2021-07-29
"surprise",81,2021-07-29
"trust",194,2021-07-29
"anger",881,2021-07-29
"anticipation",2093,2021-07-29
"disgust",198,2021-07-29
"fear",390,2021-07-29
"joy",820,2021-07-29
"negative",1117,2021-07-29
"positive",1416,2021-07-29
"sadness",18,2021-07-29
"surprise",79,2021-07-29
"trust",195,2021-07-29
"anger",882,2021-07-29
"anticipation",2096,2021-07-29
"disgust",193,2021-07-29
"fear",382,2021-07-29
"joy",826,2021-07-29
"negative",1109,2021-07-29
"positive",1417,2021-07-29
"sadness",18,2021-07-29
"surprise",76,2021-07-29
"trust",191,2021-07-29
"anger",852,2021-07-30
"anticipation",2036,2021-07-30
"disgust",190,2021-07-30
"fear",370,2021-07-30
"joy",850,2021-07-30
"negative",1060,2021-07-30
"positive",1446,2021-07-30
"sadness",16,2021-07-30
"surprise",73,2021-07-30
"trust",186,2021-07-30
"anger",1037,2021-07-30
"anticipation",1786,2021-07-30
"disgust",164,2021-07-30
"fear",342,2021-07-30
"joy",774,2021-07-30
"negative",1005,2021-07-30
"positive",1512,2021-07-30
"sadness",19,2021-07-30
"surprise",75,2021-07-30
"trust",150,2021-07-30
"anger",1052,2021-07-30
"anticipation",1779,2021-07-30
"disgust",162,2021-07-30
"fear",318,2021-07-30
"joy",808,2021-07-30
"negative",969,2021-07-30
"positive",1511,2021-07-30
"sadness",22,2021-07-30
"surprise",72,2021-07-30
"trust",141,2021-07-30
"anger",1078,2021-07-30
"anticipation",1780,2021-07-30
"disgust",165,2021-07-30
"fear",314,2021-07-30
"joy",816,2021-07-30
"negative",967,2021-07-30
"positive",1536,2021-07-30
"sadness",22,2021-07-30
"surprise",73,2021-07-30
"trust",145,2021-07-30
"anger",1083,2021-07-30
"anticipation",1771,2021-07-30
"disgust",170,2021-07-30
"fear",313,2021-07-30
"joy",818,2021-07-30
"negative",959,2021-07-30
"positive",1539,2021-07-30
"sadness",21,2021-07-30
"surprise",79,2021-07-30
"trust",148,2021-07-30
"anger",1083,2021-07-30
"anticipation",1777,2021-07-30
"disgust",173,2021-07-30
"fear",305,2021-07-30
"joy",806,2021-07-30
"negative",942,2021-07-30
"positive",1518,2021-07-30
"sadness",21,2021-07-30
"surprise",84,2021-07-30
"trust",150,2021-07-30
"anger",1083,2021-07-30
"anticipation",1790,2021-07-30
"disgust",172,2021-07-30
"fear",303,2021-07-30
"joy",805,2021-07-30
"negative",942,2021-07-30
"positive",1520,2021-07-30
"sadness",21,2021-07-30
"surprise",83,2021-07-30
"trust",149,2021-07-30
"anger",1083,2021-07-30
"anticipation",1797,2021-07-30
"disgust",173,2021-07-30
"fear",303,2021-07-30
"joy",806,2021-07-30
"negative",934,2021-07-30
"positive",1520,2021-07-30
"sadness",21,2021-07-30
"surprise",84,2021-07-30
"trust",149,2021-07-30
"anger",1080,2021-07-30
"anticipation",1814,2021-07-30
"disgust",173,2021-07-30
"fear",303,2021-07-30
"joy",821,2021-07-30
"negative",928,2021-07-30
"positive",1518,2021-07-30
"sadness",21,2021-07-30
"surprise",84,2021-07-30
"trust",147,2021-07-30
"anger",1062,2021-07-30
"anticipation",1825,2021-07-30
"disgust",166,2021-07-30
"fear",295,2021-07-30
"joy",819,2021-07-30
"negative",926,2021-07-30
"positive",1508,2021-07-30
"sadness",21,2021-07-30
"surprise",80,2021-07-30
"trust",146,2021-07-30
"anger",1051,2021-07-30
"anticipation",1812,2021-07-30
"disgust",164,2021-07-30
"fear",285,2021-07-30
"joy",812,2021-07-30
"negative",923,2021-07-30
"positive",1507,2021-07-30
"sadness",21,2021-07-30
"surprise",78,2021-07-30
"trust",144,2021-07-30
"anger",1038,2021-07-30
"anticipation",1789,2021-07-30
"disgust",163,2021-07-30
"fear",278,2021-07-30
"joy",813,2021-07-30
"negative",917,2021-07-30
"positive",1501,2021-07-30
"sadness",21,2021-07-30
"surprise",77,2021-07-30
"trust",145,2021-07-30
"anger",1020,2021-07-30
"anticipation",1777,2021-07-30
"disgust",159,2021-07-30
"fear",274,2021-07-30
"joy",803,2021-07-30
"negative",907,2021-07-30
"positive",1484,2021-07-30
"sadness",19,2021-07-30
"surprise",79,2021-07-30
"trust",149,2021-07-30
"anger",1021,2021-07-30
"anticipation",1771,2021-07-30
"disgust",157,2021-07-30
"fear",275,2021-07-30
"joy",801,2021-07-30
"negative",907,2021-07-30
"positive",1474,2021-07-30
"sadness",19,2021-07-30
"surprise",79,2021-07-30
"trust",148,2021-07-30
"anger",1012,2021-07-30
"anticipation",1765,2021-07-30
"disgust",150,2021-07-30
"fear",276,2021-07-30
"joy",803,2021-07-30
"negative",908,2021-07-30
"positive",1471,2021-07-30
"sadness",20,2021-07-30
"surprise",77,2021-07-30
"trust",145,2021-07-30
"anger",1022,2021-07-30
"anticipation",1783,2021-07-30
"disgust",150,2021-07-30
"fear",279,2021-07-30
"joy",812,2021-07-30
"negative",899,2021-07-30
"positive",1478,2021-07-30
"sadness",20,2021-07-30
"surprise",79,2021-07-30
"trust",155,2021-07-30
"anger",1016,2021-07-30
"anticipation",1809,2021-07-30
"disgust",142,2021-07-30
"fear",260,2021-07-30
"joy",824,2021-07-30
"negative",879,2021-07-30
"positive",1460,2021-07-30
"sadness",20,2021-07-30
"surprise",79,2021-07-30
"trust",165,2021-07-30
"anger",1027,2021-07-30
"anticipation",1802,2021-07-30
"disgust",138,2021-07-30
"fear",257,2021-07-30
"joy",836,2021-07-30
"negative",857,2021-07-30
"positive",1467,2021-07-30
"sadness",20,2021-07-30
"surprise",80,2021-07-30
"trust",168,2021-07-30
"anger",1028,2021-07-30
"anticipation",1800,2021-07-30
"disgust",139,2021-07-30
"fear",260,2021-07-30
"joy",832,2021-07-30
"negative",846,2021-07-30
"positive",1456,2021-07-30
"sadness",20,2021-07-30
"surprise",79,2021-07-30
"trust",167,2021-07-30
"anger",1010,2021-07-30
"anticipation",1759,2021-07-30
"disgust",126,2021-07-30
"fear",261,2021-07-30
"joy",813,2021-07-30
"negative",819,2021-07-30
"positive",1436,2021-07-30
"sadness",20,2021-07-30
"surprise",78,2021-07-30
"trust",168,2021-07-30
"anger",1010,2021-07-30
"anticipation",1738,2021-07-30
"disgust",127,2021-07-30
"fear",268,2021-07-30
"joy",804,2021-07-30
"negative",814,2021-07-30
"positive",1417,2021-07-30
"sadness",20,2021-07-30
"surprise",79,2021-07-30
"trust",174,2021-07-30
"anger",1009,2021-07-30
"anticipation",1741,2021-07-30
"disgust",131,2021-07-30
"fear",263,2021-07-30
"joy",782,2021-07-30
"negative",789,2021-07-30
"positive",1364,2021-07-30
"sadness",19,2021-07-30
"surprise",79,2021-07-30
"trust",163,2021-07-30
"anger",931,2021-07-30
"anticipation",1710,2021-07-30
"disgust",130,2021-07-30
"fear",238,2021-07-30
"joy",743,2021-07-30
"negative",726,2021-07-30
"positive",1288,2021-07-30
"sadness",15,2021-07-30
"surprise",69,2021-07-30
"trust",159,2021-07-30
"anger",776,2021-07-30
"anticipation",1590,2021-07-30
"disgust",120,2021-07-30
"fear",198,2021-07-30
"joy",695,2021-07-30
"negative",624,2021-07-30
"positive",1119,2021-07-30
"sadness",13,2021-07-30
"surprise",63,2021-07-30
"trust",166,2021-07-30
"anger",742,2021-07-30
"anticipation",1575,2021-07-30
"disgust",112,2021-07-30
"fear",187,2021-07-30
"joy",693,2021-07-30
"negative",599,2021-07-30
"positive",1108,2021-07-30
"sadness",10,2021-07-30
"surprise",59,2021-07-30
"trust",168,2021-07-30
"anger",708,2021-07-30
"anticipation",1457,2021-07-30
"disgust",104,2021-07-30
"fear",169,2021-07-30
"joy",674,2021-07-30
"negative",556,2021-07-30
"positive",1062,2021-07-30
"sadness",9,2021-07-30
"surprise",47,2021-07-30
"trust",159,2021-07-30
"anger",655,2021-07-30
"anticipation",1298,2021-07-30
"disgust",103,2021-07-30
"fear",158,2021-07-30
"joy",648,2021-07-30
"negative",510,2021-07-30
"positive",1049,2021-07-30
"sadness",9,2021-07-30
"surprise",37,2021-07-30
"trust",143,2021-07-30
"anger",660,2021-07-30
"anticipation",1278,2021-07-30
"disgust",121,2021-07-30
"fear",159,2021-07-30
"joy",645,2021-07-30
"negative",512,2021-07-30
"positive",1060,2021-07-30
"sadness",7,2021-07-30
"surprise",39,2021-07-30
"trust",145,2021-07-30
"anger",654,2021-07-30
"anticipation",1297,2021-07-30
"disgust",121,2021-07-30
"fear",149,2021-07-30
"joy",697,2021-07-30
"negative",510,2021-07-30
"positive",1045,2021-07-30
"sadness",8,2021-07-30
"surprise",40,2021-07-30
"trust",144,2021-07-30
"anger",656,2021-07-30
"anticipation",1303,2021-07-30
"disgust",107,2021-07-30
"fear",145,2021-07-30
"joy",700,2021-07-30
"negative",496,2021-07-30
"positive",1041,2021-07-30
"sadness",8,2021-07-30
"surprise",40,2021-07-30
"trust",148,2021-07-30
"anger",650,2021-07-30
"anticipation",1307,2021-07-30
"disgust",105,2021-07-30
"fear",146,2021-07-30
"joy",704,2021-07-30
"negative",493,2021-07-30
"positive",1037,2021-07-30
"sadness",8,2021-07-30
"surprise",38,2021-07-30
"trust",143,2021-07-30
"anger",660,2021-07-30
"anticipation",1339,2021-07-30
"disgust",109,2021-07-30
"fear",155,2021-07-30
"joy",746,2021-07-30
"negative",503,2021-07-30
"positive",1070,2021-07-30
"sadness",14,2021-07-30
"surprise",38,2021-07-30
"trust",152,2021-07-30
"anger",690,2021-07-30
"anticipation",1367,2021-07-30
"disgust",106,2021-07-30
"fear",158,2021-07-30
"joy",790,2021-07-30
"negative",499,2021-07-30
"positive",1107,2021-07-30
"sadness",14,2021-07-30
"surprise",40,2021-07-30
"trust",147,2021-07-30
"anger",722,2021-07-30
"anticipation",1406,2021-07-30
"disgust",116,2021-07-30
"fear",162,2021-07-30
"joy",795,2021-07-30
"negative",523,2021-07-30
"positive",1110,2021-07-30
"sadness",14,2021-07-30
"surprise",38,2021-07-30
"trust",145,2021-07-30
"anger",759,2021-07-30
"anticipation",1777,2021-07-30
"disgust",123,2021-07-30
"fear",226,2021-07-30
"joy",799,2021-07-30
"negative",660,2021-07-30
"positive",1176,2021-07-30
"sadness",14,2021-07-30
"surprise",37,2021-07-30
"trust",154,2021-07-30
"anger",832,2021-07-30
"anticipation",2202,2021-07-30
"disgust",131,2021-07-30
"fear",260,2021-07-30
"joy",819,2021-07-30
"negative",783,2021-07-30
"positive",1247,2021-07-30
"sadness",14,2021-07-30
"surprise",46,2021-07-30
"trust",174,2021-07-30
"anger",855,2021-07-30
"anticipation",2500,2021-07-30
"disgust",141,2021-07-30
"fear",291,2021-07-30
"joy",819,2021-07-30
"negative",836,2021-07-30
"positive",1286,2021-07-30
"sadness",15,2021-07-30
"surprise",51,2021-07-30
"trust",181,2021-07-30
"anger",860,2021-07-30
"anticipation",2552,2021-07-30
"disgust",149,2021-07-30
"fear",298,2021-07-30
"joy",820,2021-07-30
"negative",868,2021-07-30
"positive",1291,2021-07-30
"sadness",14,2021-07-30
"surprise",59,2021-07-30
"trust",208,2021-07-30
"anger",848,2021-07-30
"anticipation",2568,2021-07-30
"disgust",147,2021-07-30
"fear",298,2021-07-30
"joy",787,2021-07-30
"negative",903,2021-07-30
"positive",1295,2021-07-30
"sadness",8,2021-07-30
"surprise",60,2021-07-30
"trust",214,2021-07-30
"anger",840,2021-07-30
"anticipation",2549,2021-07-30
"disgust",142,2021-07-30
"fear",291,2021-07-30
"joy",776,2021-07-30
"negative",906,2021-07-30
"positive",1290,2021-07-30
"sadness",7,2021-07-30
"surprise",56,2021-07-30
"trust",218,2021-07-30
"anger",848,2021-07-30
"anticipation",2841,2021-07-30
"disgust",142,2021-07-30
"fear",279,2021-07-30
"joy",811,2021-07-30
"negative",949,2021-07-30
"positive",1317,2021-07-30
"sadness",8,2021-07-30
"surprise",73,2021-07-30
"trust",226,2021-07-30
"anger",803,2021-07-30
"anticipation",2621,2021-07-30
"disgust",139,2021-07-30
"fear",246,2021-07-30
"joy",801,2021-07-30
"negative",879,2021-07-30
"positive",1282,2021-07-30
"sadness",8,2021-07-30
"surprise",76,2021-07-30
"trust",222,2021-07-30
"anger",775,2021-07-30
"anticipation",2582,2021-07-30
"disgust",135,2021-07-30
"fear",242,2021-07-30
"joy",822,2021-07-30
"negative",865,2021-07-30
"positive",1284,2021-07-30
"sadness",8,2021-07-30
"surprise",72,2021-07-30
"trust",221,2021-07-30
"anger",756,2021-07-30
"anticipation",2455,2021-07-30
"disgust",137,2021-07-30
"fear",250,2021-07-30
"joy",823,2021-07-30
"negative",854,2021-07-30
"positive",1263,2021-07-30
"sadness",8,2021-07-30
"surprise",72,2021-07-30
"trust",212,2021-07-30
"anger",753,2021-07-30
"anticipation",2255,2021-07-30
"disgust",135,2021-07-30
"fear",233,2021-07-30
"joy",816,2021-07-30
"negative",797,2021-07-30
"positive",1192,2021-07-30
"sadness",8,2021-07-30
"surprise",65,2021-07-30
"trust",197,2021-07-30
"anger",802,2021-07-30
"anticipation",2207,2021-07-30
"disgust",130,2021-07-30
"fear",226,2021-07-30
"joy",840,2021-07-30
"negative",829,2021-07-30
"positive",1205,2021-07-30
"sadness",7,2021-07-30
"surprise",72,2021-07-30
"trust",241,2021-07-30
"anger",833,2021-07-30
"anticipation",2162,2021-07-30
"disgust",124,2021-07-30
"fear",246,2021-07-30
"joy",864,2021-07-30
"negative",827,2021-07-30
"positive",1242,2021-07-30
"sadness",12,2021-07-30
"surprise",60,2021-07-30
"trust",235,2021-07-30
"anger",831,2021-07-30
"anticipation",2255,2021-07-30
"disgust",138,2021-07-30
"fear",248,2021-07-30
"joy",953,2021-07-30
"negative",775,2021-07-30
"positive",1306,2021-07-30
"sadness",12,2021-07-30
"surprise",53,2021-07-30
"trust",225,2021-07-30
"anger",781,2021-07-30
"anticipation",2098,2021-07-30
"disgust",147,2021-07-30
"fear",239,2021-07-30
"joy",907,2021-07-30
"negative",715,2021-07-30
"positive",1275,2021-07-30
"sadness",13,2021-07-30
"surprise",52,2021-07-30
"trust",211,2021-07-30
"anger",750,2021-07-30
"anticipation",1738,2021-07-30
"disgust",131,2021-07-30
"fear",229,2021-07-30
"joy",865,2021-07-30
"negative",574,2021-07-30
"positive",1222,2021-07-30
"sadness",15,2021-07-30
"surprise",41,2021-07-30
"trust",196,2021-07-30
"anger",749,2021-07-30
"anticipation",1709,2021-07-30
"disgust",140,2021-07-30
"fear",219,2021-07-30
"joy",842,2021-07-30
"negative",542,2021-07-30
"positive",1228,2021-07-30
"sadness",17,2021-07-30
"surprise",37,2021-07-30
"trust",190,2021-07-30
"anger",706,2021-07-30
"anticipation",1685,2021-07-30
"disgust",142,2021-07-30
"fear",201,2021-07-30
"joy",835,2021-07-30
"negative",481,2021-07-30
"positive",1201,2021-07-30
"sadness",15,2021-07-30
"surprise",36,2021-07-30
"trust",158,2021-07-30
"anger",1004,2021-07-30
"anticipation",1925,2021-07-30
"disgust",122,2021-07-30
"fear",167,2021-07-30
"joy",847,2021-07-30
"negative",376,2021-07-30
"positive",1205,2021-07-30
"sadness",10,2021-07-30
"surprise",23,2021-07-30
"trust",81,2021-07-30
"anger",1040,2021-07-30
"anticipation",1945,2021-07-30
"disgust",128,2021-07-30
"fear",165,2021-07-30
"joy",840,2021-07-30
"negative",322,2021-07-30
"positive",1383,2021-07-30
"sadness",10,2021-07-30
"surprise",69,2021-07-30
"trust",84,2021-07-30
"anger",974,2021-07-30
"anticipation",1867,2021-07-30
"disgust",104,2021-07-30
"fear",137,2021-07-30
"joy",837,2021-07-30
"negative",285,2021-07-30
"positive",1398,2021-07-30
"sadness",9,2021-07-30
"surprise",135,2021-07-30
"trust",77,2021-07-30
"anger",680,2021-07-30
"anticipation",1776,2021-07-30
"disgust",103,2021-07-30
"fear",143,2021-07-30
"joy",924,2021-07-30
"negative",309,2021-07-30
"positive",1296,2021-07-30
"sadness",12,2021-07-30
"surprise",140,2021-07-30
"trust",87,2021-07-30
"anger",805,2021-07-30
"anticipation",1822,2021-07-30
"disgust",118,2021-07-30
"fear",154,2021-07-30
"joy",943,2021-07-30
"negative",375,2021-07-30
"positive",1368,2021-07-30
"sadness",9,2021-07-30
"surprise",54,2021-07-30
"trust",93,2021-07-30
"anger",923,2021-07-30
"anticipation",1645,2021-07-30
"disgust",85,2021-07-30
"fear",134,2021-07-30
"joy",819,2021-07-30
"negative",367,2021-07-30
"positive",1542,2021-07-30
"sadness",6,2021-07-30
"surprise",30,2021-07-30
"trust",90,2021-07-30
"anger",806,2021-07-30
"anticipation",2030,2021-07-30
"disgust",108,2021-07-30
"fear",181,2021-07-30
"joy",717,2021-07-30
"negative",299,2021-07-30
"positive",1210,2021-07-30
"sadness",4,2021-07-30
"surprise",42,2021-07-30
"trust",95,2021-07-30
"anger",745,2021-07-30
"anticipation",2015,2021-07-30
"disgust",146,2021-07-30
"fear",221,2021-07-30
"joy",761,2021-07-30
"negative",352,2021-07-30
"positive",1056,2021-07-30
"sadness",8,2021-07-30
"surprise",50,2021-07-30
"trust",87,2021-07-30
"anger",727,2021-07-30
"anticipation",1864,2021-07-30
"disgust",170,2021-07-30
"fear",237,2021-07-30
"joy",772,2021-07-30
"negative",380,2021-07-30
"positive",1015,2021-07-30
"sadness",8,2021-07-30
"surprise",49,2021-07-30
"trust",74,2021-07-30
"anger",720,2021-07-30
"anticipation",2133,2021-07-30
"disgust",198,2021-07-30
"fear",306,2021-07-30
"joy",786,2021-07-30
"negative",558,2021-07-30
"positive",1110,2021-07-30
"sadness",11,2021-07-30
"surprise",54,2021-07-30
"trust",103,2021-07-30
"anger",709,2021-07-30
"anticipation",2417,2021-07-30
"disgust",222,2021-07-30
"fear",364,2021-07-30
"joy",754,2021-07-30
"negative",677,2021-07-30
"positive",1160,2021-07-30
"sadness",10,2021-07-30
"surprise",48,2021-07-30
"trust",116,2021-07-30
"anger",704,2021-07-30
"anticipation",2099,2021-07-30
"disgust",257,2021-07-30
"fear",317,2021-07-30
"joy",751,2021-07-30
"negative",639,2021-07-30
"positive",1062,2021-07-30
"sadness",12,2021-07-30
"surprise",65,2021-07-30
"trust",83,2021-07-30
"anger",696,2021-07-30
"anticipation",1891,2021-07-30
"disgust",258,2021-07-30
"fear",276,2021-07-30
"joy",721,2021-07-30
"negative",535,2021-07-30
"positive",1027,2021-07-30
"sadness",17,2021-07-30
"surprise",77,2021-07-30
"trust",72,2021-07-30
"anger",675,2021-07-30
"anticipation",2033,2021-07-30
"disgust",262,2021-07-30
"fear",339,2021-07-30
"joy",740,2021-07-30
"negative",553,2021-07-30
"positive",1118,2021-07-30
"sadness",18,2021-07-30
"surprise",77,2021-07-30
"trust",82,2021-07-30
"anger",688,2021-07-30
"anticipation",2001,2021-07-30
"disgust",282,2021-07-30
"fear",377,2021-07-30
"joy",774,2021-07-30
"negative",592,2021-07-30
"positive",1106,2021-07-30
"sadness",16,2021-07-30
"surprise",80,2021-07-30
"trust",96,2021-07-30
"anger",786,2021-07-30
"anticipation",2464,2021-07-30
"disgust",315,2021-07-30
"fear",370,2021-07-30
"joy",754,2021-07-30
"negative",757,2021-07-30
"positive",1128,2021-07-30
"sadness",17,2021-07-30
"surprise",79,2021-07-30
"trust",107,2021-07-30
"anger",831,2021-07-30
"anticipation",2614,2021-07-30
"disgust",321,2021-07-30
"fear",384,2021-07-30
"joy",745,2021-07-30
"negative",757,2021-07-30
"positive",1155,2021-07-30
"sadness",20,2021-07-30
"surprise",73,2021-07-30
"trust",104,2021-07-30
"anger",854,2021-07-30
"anticipation",3121,2021-07-30
"disgust",302,2021-07-30
"fear",366,2021-07-30
"joy",683,2021-07-30
"negative",892,2021-07-30
"positive",1186,2021-07-30
"sadness",21,2021-07-30
"surprise",52,2021-07-30
"trust",110,2021-07-30
"anger",835,2021-07-30
"anticipation",2975,2021-07-30
"disgust",295,2021-07-30
"fear",356,2021-07-30
"joy",706,2021-07-30
"negative",864,2021-07-30
"positive",1205,2021-07-30
"sadness",31,2021-07-30
"surprise",51,2021-07-30
"trust",109,2021-07-30
"anger",935,2021-07-30
"anticipation",2628,2021-07-30
"disgust",271,2021-07-30
"fear",363,2021-07-30
"joy",669,2021-07-30
"negative",822,2021-07-30
"positive",1264,2021-07-30
"sadness",18,2021-07-30
"surprise",44,2021-07-30
"trust",126,2021-07-30
"anger",1015,2021-07-30
"anticipation",2545,2021-07-30
"disgust",268,2021-07-30
"fear",376,2021-07-30
"joy",674,2021-07-30
"negative",788,2021-07-30
"positive",1267,2021-07-30
"sadness",19,2021-07-30
"surprise",47,2021-07-30
"trust",134,2021-07-30
"anger",969,2021-07-31
"anticipation",2011,2021-07-31
"disgust",251,2021-07-31
"fear",305,2021-07-31
"joy",681,2021-07-31
"negative",625,2021-07-31
"positive",1157,2021-07-31
"sadness",11,2021-07-31
"surprise",44,2021-07-31
"trust",139,2021-07-31
"anger",863,2021-07-31
"anticipation",2138,2021-07-31
"disgust",209,2021-07-31
"fear",242,2021-07-31
"joy",699,2021-07-31
"negative",850,2021-07-31
"positive",1148,2021-07-31
"sadness",38,2021-07-31
"surprise",63,2021-07-31
"trust",139,2021-07-31
"anger",801,2021-07-31
"anticipation",2664,2021-07-31
"disgust",192,2021-07-31
"fear",240,2021-07-31
"joy",742,2021-07-31
"negative",888,2021-07-31
"positive",1203,2021-07-31
"sadness",38,2021-07-31
"surprise",69,2021-07-31
"trust",145,2021-07-31
"anger",830,2021-07-31
"anticipation",2733,2021-07-31
"disgust",198,2021-07-31
"fear",267,2021-07-31
"joy",777,2021-07-31
"negative",846,2021-07-31
"positive",1230,2021-07-31
"sadness",44,2021-07-31
"surprise",67,2021-07-31
"trust",144,2021-07-31
"anger",833,2021-07-31
"anticipation",2775,2021-07-31
"disgust",190,2021-07-31
"fear",272,2021-07-31
"joy",778,2021-07-31
"negative",852,2021-07-31
"positive",1239,2021-07-31
"sadness",45,2021-07-31
"surprise",70,2021-07-31
"trust",142,2021-07-31
"anger",844,2021-07-31
"anticipation",2787,2021-07-31
"disgust",192,2021-07-31
"fear",271,2021-07-31
"joy",781,2021-07-31
"negative",857,2021-07-31
"positive",1241,2021-07-31
"sadness",42,2021-07-31
"surprise",72,2021-07-31
"trust",145,2021-07-31
"anger",846,2021-07-31
"anticipation",2848,2021-07-31
"disgust",182,2021-07-31
"fear",270,2021-07-31
"joy",795,2021-07-31
"negative",856,2021-07-31
"positive",1243,2021-07-31
"sadness",42,2021-07-31
"surprise",70,2021-07-31
"trust",143,2021-07-31
"anger",847,2021-07-31
"anticipation",2868,2021-07-31
"disgust",185,2021-07-31
"fear",278,2021-07-31
"joy",793,2021-07-31
"negative",859,2021-07-31
"positive",1267,2021-07-31
"sadness",42,2021-07-31
"surprise",69,2021-07-31
"trust",141,2021-07-31
"anger",846,2021-07-31
"anticipation",2868,2021-07-31
"disgust",184,2021-07-31
"fear",280,2021-07-31
"joy",786,2021-07-31
"negative",865,2021-07-31
"positive",1267,2021-07-31
"sadness",42,2021-07-31
"surprise",70,2021-07-31
"trust",142,2021-07-31
"anger",848,2021-07-31
"anticipation",2885,2021-07-31
"disgust",186,2021-07-31
"fear",273,2021-07-31
"joy",783,2021-07-31
"negative",855,2021-07-31
"positive",1266,2021-07-31
"sadness",41,2021-07-31
"surprise",70,2021-07-31
"trust",141,2021-07-31
"anger",845,2021-07-31
"anticipation",2875,2021-07-31
"disgust",182,2021-07-31
"fear",275,2021-07-31
"joy",788,2021-07-31
"negative",857,2021-07-31
"positive",1258,2021-07-31
"sadness",40,2021-07-31
"surprise",67,2021-07-31
"trust",145,2021-07-31
"anger",849,2021-07-31
"anticipation",2855,2021-07-31
"disgust",178,2021-07-31
"fear",272,2021-07-31
"joy",796,2021-07-31
"negative",853,2021-07-31
"positive",1271,2021-07-31
"sadness",37,2021-07-31
"surprise",67,2021-07-31
"trust",149,2021-07-31
"anger",853,2021-07-31
"anticipation",2838,2021-07-31
"disgust",181,2021-07-31
"fear",275,2021-07-31
"joy",795,2021-07-31
"negative",850,2021-07-31
"positive",1267,2021-07-31
"sadness",37,2021-07-31
"surprise",66,2021-07-31
"trust",148,2021-07-31
"anger",849,2021-07-31
"anticipation",2796,2021-07-31
"disgust",183,2021-07-31
"fear",270,2021-07-31
"joy",787,2021-07-31
"negative",834,2021-07-31
"positive",1251,2021-07-31
"sadness",34,2021-07-31
"surprise",63,2021-07-31
"trust",151,2021-07-31
"anger",851,2021-07-31
"anticipation",2779,2021-07-31
"disgust",180,2021-07-31
"fear",277,2021-07-31
"joy",781,2021-07-31
"negative",826,2021-07-31
"positive",1254,2021-07-31
"sadness",34,2021-07-31
"surprise",62,2021-07-31
"trust",150,2021-07-31
"anger",840,2021-07-31
"anticipation",2751,2021-07-31
"disgust",180,2021-07-31
"fear",276,2021-07-31
"joy",775,2021-07-31
"negative",823,2021-07-31
"positive",1247,2021-07-31
"sadness",34,2021-07-31
"surprise",60,2021-07-31
"trust",156,2021-07-31
"anger",845,2021-07-31
"anticipation",2721,2021-07-31
"disgust",178,2021-07-31
"fear",285,2021-07-31
"joy",774,2021-07-31
"negative",820,2021-07-31
"positive",1244,2021-07-31
"sadness",31,2021-07-31
"surprise",59,2021-07-31
"trust",153,2021-07-31
"anger",837,2021-07-31
"anticipation",2666,2021-07-31
"disgust",175,2021-07-31
"fear",279,2021-07-31
"joy",743,2021-07-31
"negative",793,2021-07-31
"positive",1251,2021-07-31
"sadness",30,2021-07-31
"surprise",63,2021-07-31
"trust",157,2021-07-31
"anger",769,2021-07-31
"anticipation",2571,2021-07-31
"disgust",169,2021-07-31
"fear",251,2021-07-31
"joy",750,2021-07-31
"negative",650,2021-07-31
"positive",1165,2021-07-31
"sadness",19,2021-07-31
"surprise",57,2021-07-31
"trust",159,2021-07-31
"anger",742,2021-07-31
"anticipation",2503,2021-07-31
"disgust",159,2021-07-31
"fear",246,2021-07-31
"joy",737,2021-07-31
"negative",593,2021-07-31
"positive",1135,2021-07-31
"sadness",19,2021-07-31
"surprise",50,2021-07-31
"trust",160,2021-07-31
"anger",712,2021-07-31
"anticipation",2427,2021-07-31
"disgust",144,2021-07-31
"fear",238,2021-07-31
"joy",722,2021-07-31
"negative",531,2021-07-31
"positive",1093,2021-07-31
"sadness",16,2021-07-31
"surprise",46,2021-07-31
"trust",158,2021-07-31
"anger",707,2021-07-31
"anticipation",2395,2021-07-31
"disgust",140,2021-07-31
"fear",231,2021-07-31
"joy",715,2021-07-31
"negative",518,2021-07-31
"positive",1084,2021-07-31
"sadness",15,2021-07-31
"surprise",49,2021-07-31
"trust",155,2021-07-31
"anger",664,2021-07-31
"anticipation",2185,2021-07-31
"disgust",135,2021-07-31
"fear",227,2021-07-31
"joy",690,2021-07-31
"negative",481,2021-07-31
"positive",1013,2021-07-31
"sadness",14,2021-07-31
"surprise",47,2021-07-31
"trust",147,2021-07-31
"anger",630,2021-07-31
"anticipation",1852,2021-07-31
"disgust",127,2021-07-31
"fear",218,2021-07-31
"joy",640,2021-07-31
"negative",464,2021-07-31
"positive",947,2021-07-31
"sadness",13,2021-07-31
"surprise",42,2021-07-31
"trust",148,2021-07-31
"anger",630,2021-07-31
"anticipation",1746,2021-07-31
"disgust",127,2021-07-31
"fear",203,2021-07-31
"joy",592,2021-07-31
"negative",448,2021-07-31
"positive",921,2021-07-31
"sadness",10,2021-07-31
"surprise",37,2021-07-31
"trust",147,2021-07-31
"anger",617,2021-07-31
"anticipation",1727,2021-07-31
"disgust",121,2021-07-31
"fear",202,2021-07-31
"joy",594,2021-07-31
"negative",446,2021-07-31
"positive",928,2021-07-31
"sadness",11,2021-07-31
"surprise",41,2021-07-31
"trust",149,2021-07-31
"anger",618,2021-07-31
"anticipation",1603,2021-07-31
"disgust",120,2021-07-31
"fear",192,2021-07-31
"joy",569,2021-07-31
"negative",427,2021-07-31
"positive",909,2021-07-31
"sadness",12,2021-07-31
"surprise",47,2021-07-31
"trust",158,2021-07-31
"anger",601,2021-07-31
"anticipation",1622,2021-07-31
"disgust",118,2021-07-31
"fear",176,2021-07-31
"joy",589,2021-07-31
"negative",396,2021-07-31
"positive",897,2021-07-31
"sadness",14,2021-07-31
"surprise",49,2021-07-31
"trust",139,2021-07-31
"anger",641,2021-07-31
"anticipation",1715,2021-07-31
"disgust",120,2021-07-31
"fear",202,2021-07-31
"joy",636,2021-07-31
"negative",389,2021-07-31
"positive",895,2021-07-31
"sadness",16,2021-07-31
"surprise",50,2021-07-31
"trust",128,2021-07-31
"anger",778,2021-07-31
"anticipation",1879,2021-07-31
"disgust",124,2021-07-31
"fear",246,2021-07-31
"joy",697,2021-07-31
"negative",442,2021-07-31
"positive",1001,2021-07-31
"sadness",16,2021-07-31
"surprise",60,2021-07-31
"trust",136,2021-07-31
"anger",860,2021-07-31
"anticipation",1912,2021-07-31
"disgust",150,2021-07-31
"fear",242,2021-07-31
"joy",743,2021-07-31
"negative",509,2021-07-31
"positive",1011,2021-07-31
"sadness",15,2021-07-31
"surprise",64,2021-07-31
"trust",118,2021-07-31
"anger",864,2021-07-31
"anticipation",1890,2021-07-31
"disgust",147,2021-07-31
"fear",245,2021-07-31
"joy",767,2021-07-31
"negative",513,2021-07-31
"positive",1025,2021-07-31
"sadness",16,2021-07-31
"surprise",63,2021-07-31
"trust",122,2021-07-31
"anger",874,2021-07-31
"anticipation",1841,2021-07-31
"disgust",165,2021-07-31
"fear",244,2021-07-31
"joy",793,2021-07-31
"negative",512,2021-07-31
"positive",1040,2021-07-31
"sadness",15,2021-07-31
"surprise",56,2021-07-31
"trust",128,2021-07-31
"anger",879,2021-07-31
"anticipation",1857,2021-07-31
"disgust",170,2021-07-31
"fear",262,2021-07-31
"joy",791,2021-07-31
"negative",538,2021-07-31
"positive",1083,2021-07-31
"sadness",13,2021-07-31
"surprise",63,2021-07-31
"trust",157,2021-07-31
"anger",859,2021-07-31
"anticipation",1824,2021-07-31
"disgust",168,2021-07-31
"fear",253,2021-07-31
"joy",764,2021-07-31
"negative",564,2021-07-31
"positive",1107,2021-07-31
"sadness",25,2021-07-31
"surprise",63,2021-07-31
"trust",181,2021-07-31
"anger",834,2021-07-31
"anticipation",1807,2021-07-31
"disgust",160,2021-07-31
"fear",227,2021-07-31
"joy",717,2021-07-31
"negative",595,2021-07-31
"positive",1135,2021-07-31
"sadness",40,2021-07-31
"surprise",57,2021-07-31
"trust",248,2021-07-31
"anger",778,2021-07-31
"anticipation",1746,2021-07-31
"disgust",158,2021-07-31
"fear",216,2021-07-31
"joy",735,2021-07-31
"negative",588,2021-07-31
"positive",1154,2021-07-31
"sadness",49,2021-07-31
"surprise",55,2021-07-31
"trust",295,2021-07-31
"anger",690,2021-07-31
"anticipation",1758,2021-07-31
"disgust",135,2021-07-31
"fear",210,2021-07-31
"joy",731,2021-07-31
"negative",502,2021-07-31
"positive",1288,2021-07-31
"sadness",65,2021-07-31
"surprise",50,2021-07-31
"trust",460,2021-07-31
"anger",700,2021-07-31
"anticipation",1851,2021-07-31
"disgust",118,2021-07-31
"fear",184,2021-07-31
"joy",752,2021-07-31
"negative",484,2021-07-31
"positive",1340,2021-07-31
"sadness",114,2021-07-31
"surprise",55,2021-07-31
"trust",872,2021-07-31
"anger",711,2021-07-31
"anticipation",1860,2021-07-31
"disgust",126,2021-07-31
"fear",176,2021-07-31
"joy",737,2021-07-31
"negative",432,2021-07-31
"positive",1329,2021-07-31
"sadness",139,2021-07-31
"surprise",52,2021-07-31
"trust",970,2021-07-31
"anger",735,2021-07-31
"anticipation",1850,2021-07-31
"disgust",166,2021-07-31
"fear",187,2021-07-31
"joy",755,2021-07-31
"negative",420,2021-07-31
"positive",1343,2021-07-31
"sadness",135,2021-07-31
"surprise",56,2021-07-31
"trust",954,2021-07-31
"anger",742,2021-07-31
"anticipation",1838,2021-07-31
"disgust",177,2021-07-31
"fear",182,2021-07-31
"joy",786,2021-07-31
"negative",393,2021-07-31
"positive",1323,2021-07-31
"sadness",128,2021-07-31
"surprise",58,2021-07-31
"trust",939,2021-07-31
"anger",740,2021-07-31
"anticipation",1823,2021-07-31
"disgust",188,2021-07-31
"fear",190,2021-07-31
"joy",798,2021-07-31
"negative",393,2021-07-31
"positive",1286,2021-07-31
"sadness",112,2021-07-31
"surprise",57,2021-07-31
"trust",884,2021-07-31
"anger",774,2021-07-31
"anticipation",1810,2021-07-31
"disgust",218,2021-07-31
"fear",196,2021-07-31
"joy",823,2021-07-31
"negative",404,2021-07-31
"positive",1254,2021-07-31
"sadness",110,2021-07-31
"surprise",62,2021-07-31
"trust",861,2021-07-31
"anger",778,2021-07-31
"anticipation",1811,2021-07-31
"disgust",234,2021-07-31
"fear",196,2021-07-31
"joy",820,2021-07-31
"negative",411,2021-07-31
"positive",1234,2021-07-31
"sadness",109,2021-07-31
"surprise",62,2021-07-31
"trust",835,2021-07-31
"anger",810,2021-07-31
"anticipation",1761,2021-07-31
"disgust",244,2021-07-31
"fear",201,2021-07-31
"joy",805,2021-07-31
"negative",456,2021-07-31
"positive",1210,2021-07-31
"sadness",101,2021-07-31
"surprise",65,2021-07-31
"trust",760,2021-07-31
"anger",798,2021-07-31
"anticipation",1742,2021-07-31
"disgust",247,2021-07-31
"fear",210,2021-07-31
"joy",765,2021-07-31
"negative",483,2021-07-31
"positive",1225,2021-07-31
"sadness",73,2021-07-31
"surprise",62,2021-07-31
"trust",706,2021-07-31
"anger",805,2021-07-31
"anticipation",1674,2021-07-31
"disgust",248,2021-07-31
"fear",216,2021-07-31
"joy",733,2021-07-31
"negative",538,2021-07-31
"positive",1265,2021-07-31
"sadness",63,2021-07-31
"surprise",59,2021-07-31
"trust",481,2021-07-31
"anger",880,2021-07-31
"anticipation",1612,2021-07-31
"disgust",258,2021-07-31
"fear",240,2021-07-31
"joy",730,2021-07-31
"negative",562,2021-07-31
"positive",1360,2021-07-31
"sadness",61,2021-07-31
"surprise",58,2021-07-31
"trust",437,2021-07-31
"anger",889,2021-07-31
"anticipation",1678,2021-07-31
"disgust",244,2021-07-31
"fear",247,2021-07-31
"joy",741,2021-07-31
"negative",554,2021-07-31
"positive",1363,2021-07-31
"sadness",53,2021-07-31
"surprise",56,2021-07-31
"trust",478,2021-07-31
"anger",1118,2021-07-31
"anticipation",1581,2021-07-31
"disgust",158,2021-07-31
"fear",268,2021-07-31
"joy",646,2021-07-31
"negative",549,2021-07-31
"positive",1439,2021-07-31
"sadness",58,2021-07-31
"surprise",74,2021-07-31
"trust",527,2021-07-31
"anger",1355,2021-07-31
"anticipation",1630,2021-07-31
"disgust",143,2021-07-31
"fear",287,2021-07-31
"joy",662,2021-07-31
"negative",558,2021-07-31
"positive",1484,2021-07-31
"sadness",59,2021-07-31
"surprise",91,2021-07-31
"trust",487,2021-07-31
"anger",1407,2021-07-31
"anticipation",1827,2021-07-31
"disgust",150,2021-07-31
"fear",295,2021-07-31
"joy",704,2021-07-31
"negative",571,2021-07-31
"positive",1410,2021-07-31
"sadness",43,2021-07-31
"surprise",95,2021-07-31
"trust",405,2021-07-31
"anger",1396,2021-07-31
"anticipation",1863,2021-07-31
"disgust",156,2021-07-31
"fear",285,2021-07-31
"joy",706,2021-07-31
"negative",604,2021-07-31
"positive",1389,2021-07-31
"sadness",34,2021-07-31
"surprise",93,2021-07-31
"trust",352,2021-07-31
"anger",1417,2021-07-31
"anticipation",1792,2021-07-31
"disgust",155,2021-07-31
"fear",275,2021-07-31
"joy",704,2021-07-31
"negative",632,2021-07-31
"positive",1417,2021-07-31
"sadness",42,2021-07-31
"surprise",95,2021-07-31
"trust",386,2021-07-31
"anger",1324,2021-07-31
"anticipation",1790,2021-07-31
"disgust",158,2021-07-31
"fear",280,2021-07-31
"joy",736,2021-07-31
"negative",692,2021-07-31
"positive",1404,2021-07-31
"sadness",27,2021-07-31
"surprise",94,2021-07-31
"trust",373,2021-07-31
"anger",1188,2021-07-31
"anticipation",1879,2021-07-31
"disgust",144,2021-07-31
"fear",256,2021-07-31
"joy",758,2021-07-31
"negative",646,2021-07-31
"positive",1318,2021-07-31
"sadness",30,2021-07-31
"surprise",82,2021-07-31
"trust",388,2021-07-31
"anger",1087,2021-07-31
"anticipation",1908,2021-07-31
"disgust",139,2021-07-31
"fear",238,2021-07-31
"joy",763,2021-07-31
"negative",639,2021-07-31
"positive",1290,2021-07-31
"sadness",27,2021-07-31
"surprise",79,2021-07-31
"trust",392,2021-07-31
"anger",992,2021-07-31
"anticipation",1889,2021-07-31
"disgust",153,2021-07-31
"fear",232,2021-07-31
"joy",746,2021-07-31
"negative",629,2021-07-31
"positive",1281,2021-07-31
"sadness",25,2021-07-31
"surprise",73,2021-07-31
"trust",387,2021-07-31
"anger",938,2021-07-31
"anticipation",2009,2021-07-31
"disgust",162,2021-07-31
"fear",233,2021-07-31
"joy",732,2021-07-31
"negative",670,2021-07-31
"positive",1315,2021-07-31
"sadness",26,2021-07-31
"surprise",68,2021-07-31
"trust",386,2021-07-31
"anger",881,2021-07-31
"anticipation",1923,2021-07-31
"disgust",168,2021-07-31
"fear",216,2021-07-31
"joy",715,2021-07-31
"negative",648,2021-07-31
"positive",1275,2021-07-31
"sadness",28,2021-07-31
"surprise",68,2021-07-31
"trust",374,2021-07-31
"anger",858,2021-07-31
"anticipation",1893,2021-07-31
"disgust",155,2021-07-31
"fear",214,2021-07-31
"joy",705,2021-07-31
"negative",603,2021-07-31
"positive",1193,2021-07-31
"sadness",24,2021-07-31
"surprise",62,2021-07-31
"trust",322,2021-07-31
"anger",902,2021-07-31
"anticipation",1843,2021-07-31
"disgust",158,2021-07-31
"fear",204,2021-07-31
"joy",779,2021-07-31
"negative",550,2021-07-31
"positive",1062,2021-07-31
"sadness",14,2021-07-31
"surprise",51,2021-07-31
"trust",179,2021-07-31
"anger",935,2021-07-31
"anticipation",1846,2021-07-31
"disgust",165,2021-07-31
"fear",192,2021-07-31
"joy",787,2021-07-31
"negative",526,2021-07-31
"positive",1011,2021-07-31
"sadness",14,2021-07-31
"surprise",49,2021-07-31
"trust",166,2021-07-31
"anger",960,2021-07-31
"anticipation",1608,2021-07-31
"disgust",104,2021-07-31
"fear",186,2021-07-31
"joy",709,2021-07-31
"negative",416,2021-07-31
"positive",955,2021-07-31
"sadness",14,2021-07-31
"surprise",43,2021-07-31
"trust",121,2021-07-31
