"word","n","date"
"bbnreunion",27,2021-06-30
"tochi",16,2021-06-30
"rt",10,2021-06-30
"bbnaija",8,2021-06-30
"bbnaijareunion",6,2021-06-30
"kana",6,2021-06-30
"reunion",6,2021-06-30
"dorathy",5,2021-06-30
"ebuka",4,2021-06-30
"house",4,2021-06-30
"na",4,2021-06-30
"nah",4,2021-06-30
"people",4,2021-06-30
"prince",4,2021-06-30
"question",4,2021-06-30
"tweetoracle",4,2021-06-30
"bbnaijalockdownreunion",3,2021-06-30
"bbnaijareunioun",3,2021-06-30
"brighto",3,2021-06-30
"day",3,2021-06-30
"food",3,2021-06-30
"lockdown",3,2021-06-30
"lost",3,2021-06-30
"lucy",3,2021-06-30
"nengi",3,2021-06-30
"talk",3,2021-06-30
"tbaj",3,2021-06-30
"tonight",3,2021-06-30
"vee",3,2021-06-30
"amnesia",2,2021-06-30
"bus",2,2021-06-30
"call",2,2021-06-30
"dem",2,2021-06-30
"don",2,2021-06-30
"dont",2,2021-06-30
"dora",2,2021-06-30
"dorathybachor",2,2021-06-30
"drama",2,2021-06-30
"episode",2,2021-06-30
"eric",2,2021-06-30
"eye",2,2021-06-30
"gifts",2,2021-06-30
"gossipers",2,2021-06-30
"greet",2,2021-06-30
"grouphe",2,2021-06-30
"hard",2,2021-06-30
"httpstcouwtfgditw",2,2021-06-30
"httpstcoysgpetcks",2,2021-06-30
"included",2,2021-06-30
"intentional",2,2021-06-30
"itstuxtorlan",2,2021-06-30
"kaisha",2,2021-06-30
"lady",2,2021-06-30
"laughing",2,2021-06-30
"lilo",2,2021-06-30
"lordb",2,2021-06-30
"neighbor",2,2021-06-30
"nosy",2,2021-06-30
"olubadancomedy",2,2021-06-30
"ooo",2,2021-06-30
"oooo",2,2021-06-30
"ozo",2,2021-06-30
"person",2,2021-06-30
"play",2,2021-06-30
"sebi",2,2021-06-30
"sege",2,2021-06-30
"shading",2,2021-06-30
"speak",2,2021-06-30
"todays",2,2021-06-30
"totally",2,2021-06-30
"vacations",2,2021-06-30
"wait",2,2021-06-30
"wasnt",2,2021-06-30
"bbnaija",72,2021-07-24
"rt",67,2021-07-24
"relnofollowtwitter",26,2021-07-24
"falsenanaa",24,2021-07-24
"hrefhttptwittercomdownloadandroid",17,2021-07-24
"house",12,2021-07-24
"ðÿ",11,2021-07-24
"whitemoney",10,2021-07-24
"bbnaijafalsena",9,2021-07-24
"hrefhttptwittercomdownloadiphone",9,2021-07-24
"emmanuel",8,2021-07-24
"brother",7,2021-07-24
"finally",7,2021-07-24
"money",7,2021-07-24
"guy",6,2021-07-24
"bbnaijaseason",5,2021-07-24
"cross",5,2021-07-24
"sammie",5,2021-07-24
"white",5,2021-07-24
"boma",4,2021-07-24
"doctor",4,2021-07-24
"don",4,2021-07-24
"ðÿðÿðÿ",4,2021-07-24
"god",4,2021-07-24
"people",4,2021-07-24
"season",4,2021-07-24
"bbn",3,2021-07-24
"ðÿðÿ",3,2021-07-24
"fans",3,2021-07-24
"fit",3,2021-07-24
"follow",3,2021-07-24
"guys",3,2021-07-24
"housemates",3,2021-07-24
"iâm",3,2021-07-24
"join",3,2021-07-24
"male",3,2021-07-24
"meet",3,2021-07-24
"saga",3,2021-07-24
"teacher",3,2021-07-24
"unclepamilerin",3,2021-07-24
"watch",3,2021-07-24
"world",3,2021-07-24
"yousef",3,2021-07-24
"bbnaija",338,2021-07-24
"rt",239,2021-07-24
"money",41,2021-07-24
"white",37,2021-07-24
"house",35,2021-07-24
"dey",34,2021-07-24
"whitemoney",31,2021-07-24
"relnofollowtwitter",26,2021-07-24
"yousef",25,2021-07-24
"falsenanaa",24,2021-07-24
"don",20,2021-07-24
"bbnaijaseason",19,2021-07-24
"guy",19,2021-07-24
"guys",18,2021-07-24
"people",18,2021-07-24
"sammie",18,2021-07-24
"emmanuel",17,2021-07-24
"hrefhttptwittercomdownloadandroid",17,2021-07-24
"na",16,2021-07-24
"season",16,2021-07-24
"brother",15,2021-07-24
"housemates",15,2021-07-24
"cross",13,2021-07-24
"bbn",12,2021-07-24
"cubana",12,2021-07-24
"girls",12,2021-07-24
"im",12,2021-07-24
"ladies",12,2021-07-24
"boma",11,2021-07-24
"dont",11,2021-07-24
"laycon",11,2021-07-24
"bbnaija",338,2021-07-24
"rt",239,2021-07-24
"money",41,2021-07-24
"white",37,2021-07-24
"house",35,2021-07-24
"dey",34,2021-07-24
"whitemoney",31,2021-07-24
"relnofollowtwitter",26,2021-07-24
"yousef",25,2021-07-24
"falsenanaa",24,2021-07-24
"don",20,2021-07-24
"bbnaijaseason",19,2021-07-24
"guy",19,2021-07-24
"guys",18,2021-07-24
"people",18,2021-07-24
"sammie",18,2021-07-24
"emmanuel",17,2021-07-24
"hrefhttptwittercomdownloadandroid",17,2021-07-24
"na",16,2021-07-24
"season",16,2021-07-24
"brother",15,2021-07-24
"housemates",15,2021-07-24
"cross",13,2021-07-24
"bbn",12,2021-07-24
"cubana",12,2021-07-24
"girls",12,2021-07-24
"im",12,2021-07-24
"ladies",12,2021-07-24
"boma",11,2021-07-24
"dont",11,2021-07-24
"laycon",11,2021-07-24
"bbnaija",586,2021-07-24
"rt",368,2021-07-24
"money",72,2021-07-24
"white",68,2021-07-24
"house",61,2021-07-24
"dey",55,2021-07-24
"whitemoney",46,2021-07-24
"guy",41,2021-07-24
"yerins",38,2021-07-24
"pere",37,2021-07-24
"bbnaijaseason",36,2021-07-24
"yousef",33,2021-07-24
"don",29,2021-07-24
"emmanuel",29,2021-07-24
"housemates",26,2021-07-24
"relnofollowtwitter",26,2021-07-24
"people",25,2021-07-24
"falsenanaa",24,2021-07-24
"guys",24,2021-07-24
"brother",22,2021-07-24
"dont",22,2021-07-24
"girls",21,2021-07-24
"im",21,2021-07-24
"sammie",21,2021-07-24
"biggie",20,2021-07-24
"boma",20,2021-07-24
"na",20,2021-07-24
"season",20,2021-07-24
"hrefhttptwittercomdownloadandroid",17,2021-07-24
"cubana",16,2021-07-24
"follow",16,2021-07-24
"time",16,2021-07-24
"wait",16,2021-07-24
"bbnaija",929,2021-07-24
"rt",570,2021-07-24
"money",103,2021-07-24
"dey",99,2021-07-24
"white",95,2021-07-24
"house",94,2021-07-24
"whitemoney",70,2021-07-24
"yerins",66,2021-07-24
"emmanuel",65,2021-07-24
"bbnaijaseason",61,2021-07-24
"guy",58,2021-07-24
"don",50,2021-07-24
"yousef",50,2021-07-24
"pere",45,2021-07-24
"saga",45,2021-07-24
"im",42,2021-07-24
"season",40,2021-07-24
"boma",37,2021-07-24
"guys",37,2021-07-24
"brother",33,2021-07-24
"housemates",32,2021-07-24
"na",32,2021-07-24
"people",32,2021-07-24
"dont",29,2021-07-24
"girls",29,2021-07-24
"bbn",28,2021-07-24
"cubana",27,2021-07-24
"biggie",26,2021-07-24
"relnofollowtwitter",26,2021-07-24
"time",26,2021-07-24
"bbnaija",1069,2021-07-24
"rt",646,2021-07-24
"money",113,2021-07-24
"dey",105,2021-07-24
"house",105,2021-07-24
"white",104,2021-07-24
"whitemoney",79,2021-07-24
"emmanuel",78,2021-07-24
"yerins",74,2021-07-24
"boma",66,2021-07-24
"guy",66,2021-07-24
"bbnaijaseason",65,2021-07-24
"yousef",58,2021-07-24
"don",54,2021-07-24
"im",50,2021-07-24
"saga",50,2021-07-24
"season",49,2021-07-24
"pere",46,2021-07-24
"guys",43,2021-07-24
"housemates",42,2021-07-24
"people",42,2021-07-24
"na",40,2021-07-24
"brother",39,2021-07-24
"dont",31,2021-07-24
"girls",31,2021-07-24
"bbn",29,2021-07-24
"biggie",28,2021-07-24
"cubana",28,2021-07-24
"follow",28,2021-07-24
"ladies",27,2021-07-24
"time",27,2021-07-24
"wait",27,2021-07-24
"bbnaija",1069,2021-07-24
"rt",646,2021-07-24
"money",113,2021-07-24
"dey",105,2021-07-24
"house",105,2021-07-24
"white",104,2021-07-24
"whitemoney",79,2021-07-24
"emmanuel",78,2021-07-24
"yerins",74,2021-07-24
"boma",66,2021-07-24
"guy",66,2021-07-24
"bbnaijaseason",65,2021-07-24
"yousef",58,2021-07-24
"don",54,2021-07-24
"im",50,2021-07-24
"saga",50,2021-07-24
"season",49,2021-07-24
"pere",46,2021-07-24
"guys",43,2021-07-24
"housemates",42,2021-07-24
"people",42,2021-07-24
"na",40,2021-07-24
"brother",39,2021-07-24
"dont",31,2021-07-24
"girls",31,2021-07-24
"bbn",29,2021-07-24
"biggie",28,2021-07-24
"cubana",28,2021-07-24
"follow",28,2021-07-24
"ladies",27,2021-07-24
"time",27,2021-07-24
"wait",27,2021-07-24
"bbnaija",1616,2021-07-24
"rt",1180,2021-07-24
"relnofollowtwitter",486,2021-07-24
"falsenanaa",468,2021-07-24
"hrefhttptwittercomdownloadandroid",262,2021-07-24
"boma",255,2021-07-24
"hrefhttptwittercomdownloadiphone",205,2021-07-24
"money",174,2021-07-24
"white",163,2021-07-24
"house",151,2021-07-24
"dey",132,2021-07-24
"blacklist",117,2021-07-24
"emmanuel",116,2021-07-24
"whitemoney",112,2021-07-24
"guy",100,2021-07-24
"yerins",100,2021-07-24
"bbnaijaseason",95,2021-07-24
"yousef",81,2021-07-24
"bbnaijafalsena",78,2021-07-24
"guys",76,2021-07-24
"actor",71,2021-07-24
"don",67,2021-07-24
"season",66,2021-07-24
"shawnifee",66,2021-07-24
"realized",63,2021-07-24
"httpstcomtfmfapsrufalsena",61,2021-07-24
"im",59,2021-07-24
"na",57,2021-07-24
"people",56,2021-07-24
"brother",55,2021-07-24
"bbnaija",1751,2021-07-24
"rt",1308,2021-07-24
"relnofollowtwitter",581,2021-07-24
"falsenanaa",561,2021-07-24
"hrefhttptwittercomdownloadandroid",299,2021-07-24
"boma",269,2021-07-24
"hrefhttptwittercomdownloadiphone",262,2021-07-24
"money",191,2021-07-24
"white",180,2021-07-24
"house",173,2021-07-24
"dey",140,2021-07-24
"whitemoney",128,2021-07-24
"emmanuel",124,2021-07-24
"blacklist",120,2021-07-24
"yerins",110,2021-07-24
"guy",107,2021-07-24
"bbnaijaseason",101,2021-07-24
"bbnaijafalsena",98,2021-07-24
"yousef",88,2021-07-24
"guys",77,2021-07-24
"don",75,2021-07-24
"actor",74,2021-07-24
"season",71,2021-07-24
"shawnifee",68,2021-07-24
"realized",65,2021-07-24
"httpstcomtfmfapsrufalsena",63,2021-07-24
"im",62,2021-07-24
"brother",61,2021-07-24
"na",60,2021-07-24
"people",57,2021-07-24
"bbnaija",2063,2021-07-24
"rt",1661,2021-07-24
"relnofollowtwitter",990,2021-07-24
"falsenanaa",955,2021-07-24
"hrefhttptwittercomdownloadandroid",544,2021-07-24
"hrefhttptwittercomdownloadiphone",411,2021-07-24
"boma",312,2021-07-24
"money",263,2021-07-24
"white",248,2021-07-24
"bbnaijafalsena",221,2021-07-24
"house",193,2021-07-24
"blacklist",156,2021-07-24
"dey",153,2021-07-24
"guy",142,2021-07-24
"whitemoney",140,2021-07-24
"emmanuel",136,2021-07-24
"yerins",133,2021-07-24
"yousef",131,2021-07-24
"bbnaijaseason",111,2021-07-24
"season",96,2021-07-24
"actor",94,2021-07-24
"shawnifee",88,2021-07-24
"realized",85,2021-07-24
"don",84,2021-07-24
"httpstcomtfmfapsrufalsena",83,2021-07-24
"guys",77,2021-07-24
"housemates",76,2021-07-24
"maziibe",72,2021-07-24
"yerin",71,2021-07-24
"brother",68,2021-07-24
"bbnaija",116,2021-07-25
"rt",98,2021-07-25
"saga",16,2021-07-25
"house",15,2021-07-25
"yerins",15,2021-07-25
"dey",10,2021-07-25
"guys",9,2021-07-25
"laycon",9,2021-07-25
"white",9,2021-07-25
"boma",8,2021-07-25
"housemates",8,2021-07-25
"season",8,2021-07-25
"whitemoney",8,2021-07-25
"finally",7,2021-07-25
"girls",7,2021-07-25
"guy",7,2021-07-25
"im",7,2021-07-25
"money",7,2021-07-25
"na",7,2021-07-25
"biggie",6,2021-07-25
"bbn",5,2021-07-25
"bbnaijaseason",5,2021-07-25
"blacklist",5,2021-07-25
"don",5,2021-07-25
"hope",5,2021-07-25
"cross",4,2021-07-25
"gistreel",4,2021-07-25
"igbo",4,2021-07-25
"kayode",4,2021-07-25
"omo",4,2021-07-25
"polymath",4,2021-07-25
"women",4,2021-07-25
"yerin",4,2021-07-25
"yousef",4,2021-07-25
"bbnaija",171,2021-07-25
"rt",147,2021-07-25
"house",20,2021-07-25
"yerins",20,2021-07-25
"saga",18,2021-07-25
"white",18,2021-07-25
"whitemoney",17,2021-07-25
"money",16,2021-07-25
"dey",13,2021-07-25
"guys",13,2021-07-25
"boma",12,2021-07-25
"housemates",11,2021-07-25
"brother",10,2021-07-25
"don",10,2021-07-25
"laycon",10,2021-07-25
"finally",9,2021-07-25
"girls",9,2021-07-25
"im",9,2021-07-25
"season",9,2021-07-25
"guy",8,2021-07-25
"bbn",7,2021-07-25
"biggie",7,2021-07-25
"cross",7,2021-07-25
"na",7,2021-07-25
"people",7,2021-07-25
"time",7,2021-07-25
"tomorrow",7,2021-07-25
"vibe",7,2021-07-25
"machine",6,2021-07-25
"retweet",6,2021-07-25
"watch",6,2021-07-25
"bbnaija",237,2021-07-25
"rt",197,2021-07-25
"house",27,2021-07-25
"saga",26,2021-07-25
"white",25,2021-07-25
"whitemoney",25,2021-07-25
"money",23,2021-07-25
"yerins",22,2021-07-25
"dey",20,2021-07-25
"boma",16,2021-07-25
"brother",16,2021-07-25
"don",14,2021-07-25
"guys",14,2021-07-25
"emmanuel",12,2021-07-25
"housemates",12,2021-07-25
"girls",11,2021-07-25
"guy",11,2021-07-25
"im",11,2021-07-25
"laycon",11,2021-07-25
"na",11,2021-07-25
"people",11,2021-07-25
"finally",10,2021-07-25
"season",10,2021-07-25
"yousef",10,2021-07-25
"bbn",9,2021-07-25
"biggie",9,2021-07-25
"enter",9,2021-07-25
"time",9,2021-07-25
"cross",8,2021-07-25
"tomorrow",8,2021-07-25
"vibe",8,2021-07-25
"wey",8,2021-07-25
"women",8,2021-07-25
"bbnaija",570,2021-07-25
"rt",521,2021-07-25
"relnofollowtwitter",343,2021-07-25
"falsenanaa",334,2021-07-25
"hrefhttptwittercomdownloadiphone",190,2021-07-25
"hrefhttptwittercomdownloadandroid",129,2021-07-25
"bbnaijafalsena",87,2021-07-25
"yerins",77,2021-07-25
"boma",69,2021-07-25
"white",63,2021-07-25
"money",57,2021-07-25
"guy",53,2021-07-25
"whitemoney",51,2021-07-25
"dey",47,2021-07-25
"house",46,2021-07-25
"saga",44,2021-07-25
"love",36,2021-07-25
"guys",33,2021-07-25
"girls",32,2021-07-25
"people",31,2021-07-25
"don",29,2021-07-25
"httpstcoplhepefalsena",28,2021-07-25
"ooo",28,2021-07-25
"time",28,2021-07-25
"emmanuel",25,2021-07-25
"housemates",25,2021-07-25
"iphoneatobyologunrotruefalsenana",25,2021-07-25
"hrefhttpsmobiletwittercom",24,2021-07-25
"web",24,2021-07-25
"yerin",24,2021-07-25
"yousef",24,2021-07-25
"bbnaija",689,2021-07-25
"rt",609,2021-07-25
"relnofollowtwitter",343,2021-07-25
"falsenanaa",334,2021-07-25
"hrefhttptwittercomdownloadiphone",190,2021-07-25
"hrefhttptwittercomdownloadandroid",129,2021-07-25
"bbnaijafalsena",87,2021-07-25
"yerins",85,2021-07-25
"boma",77,2021-07-25
"white",74,2021-07-25
"money",70,2021-07-25
"house",62,2021-07-25
"guy",57,2021-07-25
"whitemoney",57,2021-07-25
"saga",52,2021-07-25
"dey",51,2021-07-25
"girls",47,2021-07-25
"guys",46,2021-07-25
"love",45,2021-07-25
"people",36,2021-07-25
"housemates",32,2021-07-25
"yousef",32,2021-07-25
"ooo",31,2021-07-25
"time",31,2021-07-25
"don",30,2021-07-25
"dont",30,2021-07-25
"season",30,2021-07-25
"emmanuel",28,2021-07-25
"httpstcoplhepefalsena",28,2021-07-25
"iphoneatobyologunrotruefalsenana",25,2021-07-25
"yerin",25,2021-07-25
"bbnaija",730,2021-07-25
"rt",643,2021-07-25
"relnofollowtwitter",343,2021-07-25
"falsenanaa",334,2021-07-25
"hrefhttptwittercomdownloadiphone",190,2021-07-25
"hrefhttptwittercomdownloadandroid",129,2021-07-25
"bbnaijafalsena",87,2021-07-25
"boma",85,2021-07-25
"yerins",85,2021-07-25
"white",78,2021-07-25
"money",73,2021-07-25
"house",68,2021-07-25
"guy",59,2021-07-25
"whitemoney",59,2021-07-25
"saga",57,2021-07-25
"dey",52,2021-07-25
"girls",49,2021-07-25
"guys",47,2021-07-25
"love",46,2021-07-25
"dont",40,2021-07-25
"housemates",38,2021-07-25
"yousef",37,2021-07-25
"people",36,2021-07-25
"season",34,2021-07-25
"don",32,2021-07-25
"emmanuel",31,2021-07-25
"ooo",31,2021-07-25
"time",31,2021-07-25
"httpstcoplhepefalsena",28,2021-07-25
"yerin",26,2021-07-25
"bbnaija",768,2021-07-25
"rt",673,2021-07-25
"relnofollowtwitter",343,2021-07-25
"falsenanaa",334,2021-07-25
"hrefhttptwittercomdownloadiphone",190,2021-07-25
"hrefhttptwittercomdownloadandroid",129,2021-07-25
"bbnaijafalsena",87,2021-07-25
"boma",87,2021-07-25
"yerins",86,2021-07-25
"white",85,2021-07-25
"money",80,2021-07-25
"house",72,2021-07-25
"whitemoney",62,2021-07-25
"guy",60,2021-07-25
"saga",60,2021-07-25
"dey",54,2021-07-25
"girls",51,2021-07-25
"guys",50,2021-07-25
"love",47,2021-07-25
"dont",43,2021-07-25
"housemates",43,2021-07-25
"yousef",40,2021-07-25
"people",37,2021-07-25
"don",35,2021-07-25
"emmanuel",35,2021-07-25
"season",35,2021-07-25
"ooo",32,2021-07-25
"time",32,2021-07-25
"httpstcoplhepefalsena",28,2021-07-25
"brother",26,2021-07-25
"laycon",26,2021-07-25
"yerin",26,2021-07-25
"bbnaija",813,2021-07-25
"rt",717,2021-07-25
"relnofollowtwitter",343,2021-07-25
"falsenanaa",334,2021-07-25
"hrefhttptwittercomdownloadiphone",190,2021-07-25
"hrefhttptwittercomdownloadandroid",129,2021-07-25
"yerins",92,2021-07-25
"boma",90,2021-07-25
"white",88,2021-07-25
"bbnaijafalsena",87,2021-07-25
"money",82,2021-07-25
"house",78,2021-07-25
"saga",65,2021-07-25
"whitemoney",65,2021-07-25
"guy",61,2021-07-25
"dey",56,2021-07-25
"guys",53,2021-07-25
"girls",52,2021-07-25
"love",49,2021-07-25
"housemates",47,2021-07-25
"dont",43,2021-07-25
"yousef",43,2021-07-25
"season",40,2021-07-25
"people",39,2021-07-25
"emmanuel",37,2021-07-25
"don",35,2021-07-25
"laycon",35,2021-07-25
"ooo",35,2021-07-25
"time",34,2021-07-25
"brother",29,2021-07-25
"im",29,2021-07-25
"bbnaija",848,2021-07-25
"rt",741,2021-07-25
"relnofollowtwitter",343,2021-07-25
"falsenanaa",334,2021-07-25
"hrefhttptwittercomdownloadiphone",190,2021-07-25
"hrefhttptwittercomdownloadandroid",129,2021-07-25
"yerins",94,2021-07-25
"boma",93,2021-07-25
"white",91,2021-07-25
"bbnaijafalsena",87,2021-07-25
"money",85,2021-07-25
"house",81,2021-07-25
"whitemoney",68,2021-07-25
"saga",66,2021-07-25
"guy",63,2021-07-25
"guys",57,2021-07-25
"dey",56,2021-07-25
"girls",53,2021-07-25
"love",49,2021-07-25
"housemates",48,2021-07-25
"yousef",46,2021-07-25
"season",45,2021-07-25
"dont",43,2021-07-25
"emmanuel",40,2021-07-25
"people",40,2021-07-25
"laycon",38,2021-07-25
"ooo",36,2021-07-25
"don",35,2021-07-25
"time",34,2021-07-25
"im",31,2021-07-25
"bbnaija",938,2021-07-25
"rt",816,2021-07-25
"relnofollowtwitter",343,2021-07-25
"falsenanaa",334,2021-07-25
"hrefhttptwittercomdownloadiphone",190,2021-07-25
"hrefhttptwittercomdownloadandroid",129,2021-07-25
"boma",102,2021-07-25
"yerins",97,2021-07-25
"white",95,2021-07-25
"money",91,2021-07-25
"bbnaijafalsena",87,2021-07-25
"house",87,2021-07-25
"whitemoney",73,2021-07-25
"guy",72,2021-07-25
"saga",68,2021-07-25
"guys",65,2021-07-25
"dey",62,2021-07-25
"girls",55,2021-07-25
"season",52,2021-07-25
"yousef",52,2021-07-25
"housemates",51,2021-07-25
"love",51,2021-07-25
"dont",46,2021-07-25
"emmanuel",43,2021-07-25
"people",43,2021-07-25
"laycon",42,2021-07-25
"time",39,2021-07-25
"don",37,2021-07-25
"ooo",37,2021-07-25
"na",35,2021-07-25
"bbnaija",983,2021-07-25
"rt",852,2021-07-25
"relnofollowtwitter",343,2021-07-25
"falsenanaa",334,2021-07-25
"hrefhttptwittercomdownloadiphone",190,2021-07-25
"hrefhttptwittercomdownloadandroid",129,2021-07-25
"boma",104,2021-07-25
"white",102,2021-07-25
"money",98,2021-07-25
"yerins",97,2021-07-25
"house",93,2021-07-25
"bbnaijafalsena",87,2021-07-25
"whitemoney",79,2021-07-25
"guy",74,2021-07-25
"saga",70,2021-07-25
"guys",68,2021-07-25
"dey",64,2021-07-25
"girls",57,2021-07-25
"housemates",55,2021-07-25
"season",55,2021-07-25
"yousef",55,2021-07-25
"love",51,2021-07-25
"people",50,2021-07-25
"dont",47,2021-07-25
"emmanuel",45,2021-07-25
"laycon",43,2021-07-25
"time",41,2021-07-25
"don",40,2021-07-25
"na",39,2021-07-25
"ooo",38,2021-07-25
"bbnaija",1029,2021-07-25
"rt",892,2021-07-25
"relnofollowtwitter",343,2021-07-25
"falsenanaa",334,2021-07-25
"hrefhttptwittercomdownloadiphone",190,2021-07-25
"hrefhttptwittercomdownloadandroid",129,2021-07-25
"boma",109,2021-07-25
"white",103,2021-07-25
"money",100,2021-07-25
"yerins",100,2021-07-25
"house",94,2021-07-25
"bbnaijafalsena",87,2021-07-25
"whitemoney",80,2021-07-25
"guy",75,2021-07-25
"saga",71,2021-07-25
"guys",69,2021-07-25
"dey",65,2021-07-25
"housemates",62,2021-07-25
"season",59,2021-07-25
"girls",58,2021-07-25
"yousef",58,2021-07-25
"people",53,2021-07-25
"love",51,2021-07-25
"dont",49,2021-07-25
"emmanuel",47,2021-07-25
"laycon",43,2021-07-25
"na",41,2021-07-25
"time",41,2021-07-25
"brother",40,2021-07-25
"don",40,2021-07-25
"bbnaija",1077,2021-07-25
"rt",933,2021-07-25
"relnofollowtwitter",343,2021-07-25
"falsenanaa",334,2021-07-25
"hrefhttptwittercomdownloadiphone",190,2021-07-25
"hrefhttptwittercomdownloadandroid",129,2021-07-25
"boma",116,2021-07-25
"white",109,2021-07-25
"yerins",107,2021-07-25
"money",105,2021-07-25
"house",99,2021-07-25
"bbnaijafalsena",87,2021-07-25
"whitemoney",84,2021-07-25
"guy",77,2021-07-25
"guys",74,2021-07-25
"dey",72,2021-07-25
"saga",72,2021-07-25
"housemates",70,2021-07-25
"season",63,2021-07-25
"yousef",61,2021-07-25
"girls",60,2021-07-25
"people",55,2021-07-25
"emmanuel",54,2021-07-25
"love",53,2021-07-25
"dont",51,2021-07-25
"laycon",44,2021-07-25
"brother",42,2021-07-25
"na",42,2021-07-25
"time",42,2021-07-25
"don",40,2021-07-25
"bbnaija",1128,2021-07-25
"rt",956,2021-07-25
"relnofollowtwitter",343,2021-07-25
"falsenanaa",334,2021-07-25
"hrefhttptwittercomdownloadiphone",190,2021-07-25
"hrefhttptwittercomdownloadandroid",129,2021-07-25
"boma",125,2021-07-25
"white",117,2021-07-25
"money",115,2021-07-25
"yerins",107,2021-07-25
"house",103,2021-07-25
"whitemoney",93,2021-07-25
"bbnaijafalsena",87,2021-07-25
"guy",79,2021-07-25
"saga",78,2021-07-25
"guys",76,2021-07-25
"dey",74,2021-07-25
"housemates",71,2021-07-25
"season",65,2021-07-25
"yousef",63,2021-07-25
"girls",60,2021-07-25
"love",57,2021-07-25
"dont",56,2021-07-25
"emmanuel",56,2021-07-25
"people",56,2021-07-25
"laycon",45,2021-07-25
"brother",42,2021-07-25
"don",42,2021-07-25
"na",42,2021-07-25
"time",42,2021-07-25
"bbnaija",1240,2021-07-25
"rt",1043,2021-07-25
"relnofollowtwitter",343,2021-07-25
"falsenanaa",334,2021-07-25
"hrefhttptwittercomdownloadiphone",190,2021-07-25
"boma",134,2021-07-25
"money",130,2021-07-25
"hrefhttptwittercomdownloadandroid",129,2021-07-25
"white",129,2021-07-25
"yerins",115,2021-07-25
"house",111,2021-07-25
"whitemoney",101,2021-07-25
"bbnaijafalsena",87,2021-07-25
"guys",83,2021-07-25
"saga",83,2021-07-25
"guy",81,2021-07-25
"housemates",80,2021-07-25
"dey",77,2021-07-25
"season",72,2021-07-25
"emmanuel",71,2021-07-25
"yousef",66,2021-07-25
"girls",63,2021-07-25
"people",62,2021-07-25
"dont",61,2021-07-25
"love",58,2021-07-25
"laycon",47,2021-07-25
"don",45,2021-07-25
"im",45,2021-07-25
"na",45,2021-07-25
"time",44,2021-07-25
<<<<<<< HEAD
"bbnaija",176,2021-07-25
"rt",172,2021-07-25
"relnofollowtwitter",76,2021-07-25
"falsenanaa",74,2021-07-25
"hrefhttptwittercomdownloadandroid",50,2021-07-25
"money",34,2021-07-25
"white",31,2021-07-25
"ðÿ",25,2021-07-25
"hrefhttptwittercomdownloadiphone",25,2021-07-25
"bbnaijafalsena",22,2021-07-25
"whitemoney",18,2021-07-25
"yousef",17,2021-07-25
"guys",16,2021-07-25
"boma",15,2021-07-25
"house",14,2021-07-25
"yerins",14,2021-07-25
"emmanuel",12,2021-07-25
"dey",11,2021-07-25
"ðÿðÿðÿ",11,2021-07-25
"guy",11,2021-07-25
"don",10,2021-07-25
"bbnaijaseason",9,2021-07-25
"people",9,2021-07-25
"season",9,2021-07-25
"ðÿðÿ",8,2021-07-25
"ðÿðÿðÿðÿ",8,2021-07-25
"na",8,2021-07-25
"start",8,2021-07-25
"time",8,2021-07-25
"brother",7,2021-07-25
"dont",7,2021-07-25
"maziibe",7,2021-07-25
"niyi",7,2021-07-25
"retweet",7,2021-07-25
"shawnifee",7,2021-07-25
"washing",7,2021-07-25
"bbnaija",176,2021-07-25
"rt",172,2021-07-25
"relnofollowtwitter",76,2021-07-25
"falsenanaa",74,2021-07-25
"hrefhttptwittercomdownloadandroid",50,2021-07-25
"money",34,2021-07-25
"white",31,2021-07-25
"ðÿ",25,2021-07-25
"hrefhttptwittercomdownloadiphone",25,2021-07-25
"bbnaijafalsena",22,2021-07-25
"whitemoney",18,2021-07-25
"yousef",17,2021-07-25
"guys",16,2021-07-25
"boma",15,2021-07-25
"house",14,2021-07-25
"yerins",14,2021-07-25
"emmanuel",12,2021-07-25
"dey",11,2021-07-25
"ðÿðÿðÿ",11,2021-07-25
"guy",11,2021-07-25
"don",10,2021-07-25
"bbnaijaseason",9,2021-07-25
"people",9,2021-07-25
"season",9,2021-07-25
"ðÿðÿ",8,2021-07-25
"ðÿðÿðÿðÿ",8,2021-07-25
"na",8,2021-07-25
"start",8,2021-07-25
"time",8,2021-07-25
"brother",7,2021-07-25
"dont",7,2021-07-25
"maziibe",7,2021-07-25
"niyi",7,2021-07-25
"retweet",7,2021-07-25
"shawnifee",7,2021-07-25
"washing",7,2021-07-25
=======
"bbnaija",1372,2021-07-25
"rt",1157,2021-07-25
"relnofollowtwitter",419,2021-07-25
"falsenanaa",408,2021-07-25
"hrefhttptwittercomdownloadiphone",215,2021-07-25
"hrefhttptwittercomdownloadandroid",179,2021-07-25
"money",159,2021-07-25
"white",155,2021-07-25
"boma",144,2021-07-25
"yerins",125,2021-07-25
"house",123,2021-07-25
"whitemoney",114,2021-07-25
"bbnaijafalsena",109,2021-07-25
"guys",97,2021-07-25
"guy",90,2021-07-25
"saga",88,2021-07-25
"dey",87,2021-07-25
"housemates",83,2021-07-25
"yousef",82,2021-07-25
"emmanuel",80,2021-07-25
"season",79,2021-07-25
"people",68,2021-07-25
"dont",67,2021-07-25
"love",65,2021-07-25
"girls",64,2021-07-25
"don",52,2021-07-25
"na",52,2021-07-25
"brother",51,2021-07-25
"im",50,2021-07-25
"laycon",49,2021-07-25
"time",49,2021-07-25
>>>>>>> 75b8ea1112bf86c74c6831fb27867113166175ab
"bbnaija",101,2021-07-25
"rt",82,2021-07-25
"money",12,2021-07-25
"white",11,2021-07-25
"house",10,2021-07-25
"guys",9,2021-07-25
"brother",7,2021-07-25
"god",7,2021-07-25
"housemates",7,2021-07-25
"people",7,2021-07-25
"time",7,2021-07-25
"whitemoney",7,2021-07-25
"bbnaijaseason",6,2021-07-25
"ladies",6,2021-07-25
"laycon",6,2021-07-25
"yerins",6,2021-07-25
"im",5,2021-07-25
"saga",5,2021-07-25
"season",5,2021-07-25
"boma",4,2021-07-25
"don",4,2021-07-25
"emmanuel",4,2021-07-25
"enter",4,2021-07-25
"finally",4,2021-07-25
"follow",4,2021-07-25
"igbo",4,2021-07-25
"wait",4,2021-07-25
"amp",3,2021-07-25
"boomplay",3,2021-07-25
"favourite",3,2021-07-25
"gistloversblog",3,2021-07-25
"guy",3,2021-07-25
"hes",3,2021-07-25
"jaypaul",3,2021-07-25
"male",3,2021-07-25
"na",3,2021-07-25
"nigeria",3,2021-07-25
"pick",3,2021-07-25
"pm",3,2021-07-25
"real",3,2021-07-25
"retweet",3,2021-07-25
"send",3,2021-07-25
"talk",3,2021-07-25
"thevoicenigeria",3,2021-07-25
"thread",3,2021-07-25
"whatsapp",3,2021-07-25
"bbnaija",121,2021-07-25
"rt",100,2021-07-25
"housemates",18,2021-07-25
"money",18,2021-07-25
"white",15,2021-07-25
"house",14,2021-07-25
"male",14,2021-07-25
"finally",12,2021-07-25
"guy",12,2021-07-25
"boma",10,2021-07-25
"guys",9,2021-07-25
"bbnaijaseason",8,2021-07-25
"laycon",8,2021-07-25
"na",8,2021-07-25
"video",8,2021-07-25
"biography",7,2021-07-25
"brother",7,2021-07-25
"dont",7,2021-07-25
"ladies",7,2021-07-25
"people",7,2021-07-25
"whitemoney",7,2021-07-25
"boys",6,2021-07-25
"girls",6,2021-07-25
"yerins",6,2021-07-25
"dey",5,2021-07-25
"im",5,2021-07-25
"saga",5,2021-07-25
"shine",5,2021-07-25
"time",5,2021-07-25
"ya",5,2021-07-25
"bbnaija",121,2021-07-25
"rt",100,2021-07-25
"housemates",18,2021-07-25
"money",18,2021-07-25
"white",15,2021-07-25
"house",14,2021-07-25
"male",14,2021-07-25
"finally",12,2021-07-25
"guy",12,2021-07-25
"boma",10,2021-07-25
"guys",9,2021-07-25
"bbnaijaseason",8,2021-07-25
"laycon",8,2021-07-25
"na",8,2021-07-25
"video",8,2021-07-25
"biography",7,2021-07-25
"brother",7,2021-07-25
"dont",7,2021-07-25
"ladies",7,2021-07-25
"people",7,2021-07-25
"whitemoney",7,2021-07-25
"boys",6,2021-07-25
"girls",6,2021-07-25
"yerins",6,2021-07-25
"dey",5,2021-07-25
"im",5,2021-07-25
"saga",5,2021-07-25
"shine",5,2021-07-25
"time",5,2021-07-25
"ya",5,2021-07-25
"rt",103,2021-07-25
"bbnaija",100,2021-07-25
"brother",12,2021-07-25
"white",11,2021-07-25
"housemates",10,2021-07-25
"money",10,2021-07-25
"saga",10,2021-07-25
"whitemoney",10,2021-07-25
"house",9,2021-07-25
"boma",8,2021-07-25
"dey",8,2021-07-25
"biggie",7,2021-07-25
"emmanuel",7,2021-07-25
"yerins",7,2021-07-25
"amp",6,2021-07-25
"god",6,2021-07-25
"shineyaeye",6,2021-07-25
"favorite",5,2021-07-25
"gistreel",5,2021-07-25
"im",5,2021-07-25
"na",5,2021-07-25
"naija",5,2021-07-25
"yerin",5,2021-07-25
"don",4,2021-07-25
"dont",4,2021-07-25
"erica",4,2021-07-25
"guy",4,2021-07-25
"guys",4,2021-07-25
"ladies",4,2021-07-25
"love",4,2021-07-25
"nigeria",4,2021-07-25
"real",4,2021-07-25
"retweet",4,2021-07-25
"season",4,2021-07-25
"tacha",4,2021-07-25
"talk",4,2021-07-25
"watch",4,2021-07-25
"bbnaija",201,2021-07-25
"rt",191,2021-07-25
"relnofollowtwitter",166,2021-07-25
"falsenanaa",158,2021-07-25
"hrefhttptwittercomdownloadandroid",113,2021-07-25
"bbnaijafalsena",63,2021-07-25
"white",55,2021-07-25
"whitemoney",50,2021-07-25
"hrefhttptwittercomdownloadiphone",45,2021-07-25
"money",45,2021-07-25
"housemates",29,2021-07-25
"cross",24,2021-07-25
"dey",24,2021-07-25
"don",20,2021-07-25
"hustle",20,2021-07-25
"house",19,2021-07-25
"god",16,2021-07-25
"guys",16,2021-07-25
"laycon",15,2021-07-25
"sammie",15,2021-07-25
"bbnaijaseason",14,2021-07-25
"im",14,2021-07-25
"na",14,2021-07-25
"boys",13,2021-07-25
"saga",13,2021-07-25
"finally",12,2021-07-25
"food",12,2021-07-25
"male",12,2021-07-25
"time",12,2021-07-25
"female",11,2021-07-25
"love",11,2021-07-25
"bbnaija",188,2021-07-25
"rt",177,2021-07-25
"relnofollowtwitter",123,2021-07-25
"falsenanaa",114,2021-07-25
"hrefhttptwittercomdownloadandroid",70,2021-07-25
"hrefhttptwittercomdownloadiphone",45,2021-07-25
"sammie",41,2021-07-25
"bbnaijafalsena",39,2021-07-25
"house",24,2021-07-25
"money",24,2021-07-25
"guy",23,2021-07-25
"yousef",21,2021-07-25
"boma",19,2021-07-25
"white",19,2021-07-25
"laycon",18,2021-07-25
"dey",17,2021-07-25
"emmanuel",16,2021-07-25
"na",14,2021-07-25
"bbnaijashineyaeye",13,2021-07-25
"brother",12,2021-07-25
"don",12,2021-07-25
"housemates",12,2021-07-25
"httpstcoluiqngrfalsena",12,2021-07-25
"time",12,2021-07-25
"yerins",12,2021-07-25
"dont",11,2021-07-25
"season",11,2021-07-25
"card",10,2021-07-25
"giving",10,2021-07-25
"oo",10,2021-07-25
"people",10,2021-07-25
"whitemoney",10,2021-07-25
"rt",279,2021-07-25
"bbnaija",275,2021-07-25
"relnofollowtwitter",275,2021-07-25
"falsenanaa",260,2021-07-25
"hrefhttptwittercomdownloadandroid",159,2021-07-25
"hrefhttptwittercomdownloadiphone",105,2021-07-25
"bbnaijafalsena",65,2021-07-25
"white",50,2021-07-25
"money",49,2021-07-25
"boma",47,2021-07-25
"httpstcoluiqngrfalsena",38,2021-07-25
"guys",36,2021-07-25
"laycon",26,2021-07-25
"yerins",26,2021-07-25
"buju",24,2021-07-25
"house",21,2021-07-25
"whitemoney",21,2021-07-25
"cross",20,2021-07-25
"housemates",18,2021-07-25
"advert",17,2021-07-25
"retweet",17,2021-07-25
"wait",16,2021-07-25
"swedishrat",15,2021-07-25
"don",14,2021-07-25
"httpstcotuymlfalsena",14,2021-07-25
"abaga",13,2021-07-25
"boomplays",13,2021-07-25
"dey",13,2021-07-25
"iphoneadicedmapletruefalsenana",13,2021-07-25
"mi",13,2021-07-25
"saga",13,2021-07-25
"rt",217,2021-07-25
"bbnaija",194,2021-07-25
"relnofollowtwitter",163,2021-07-25
"falsenanaa",142,2021-07-25
"hrefhttptwittercomdownloadandroid",108,2021-07-25
"hrefhttptwittercomdownloadiphone",52,2021-07-25
"emmanuel",40,2021-07-25
"bbnaijafalsena",33,2021-07-25
"guys",27,2021-07-25
"httpstcoluiqngrfalsena",26,2021-07-25
"house",23,2021-07-25
"boma",22,2021-07-25
"love",22,2021-07-25
"laycon",21,2021-07-25
"dey",20,2021-07-25
"housemates",20,2021-07-25
"im",19,2021-07-25
"erica",18,2021-07-25
"girl",18,2021-07-25
"ad",16,2021-07-25
"god",16,2021-07-25
"brother",15,2021-07-25
"share",15,2021-07-25
"truenanaa",15,2021-07-25
"na",14,2021-07-25
"cross",13,2021-07-25
"emperors",13,2021-07-25
"guy",13,2021-07-25
"happy",13,2021-07-25
"sunday",13,2021-07-25
"bbnaija",155,2021-07-25
"rt",92,2021-07-25
"white",57,2021-07-25
"money",50,2021-07-25
"whitemoney",25,2021-07-25
"women",19,2021-07-25
"guys",16,2021-07-25
"na",16,2021-07-25
"girl",10,2021-07-25
"bbnaijashineyaeye",9,2021-07-25
"house",9,2021-07-25
"vibe",9,2021-07-25
"age",8,2021-07-25
"choice",8,2021-07-25
"dey",8,2021-07-25
"gender",8,2021-07-25
"ladies",8,2021-07-25
"laycon",8,2021-07-25
"bbnaijaseason",7,2021-07-25
"bigbrothernaija",7,2021-07-25
"boma",7,2021-07-25
"guy",7,2021-07-25
"housemates",7,2021-07-25
"maturity",7,2021-07-25
"real",6,2021-07-25
"season",6,2021-07-25
"time",6,2021-07-25
"becky",5,2021-07-25
"biggie",5,2021-07-25
"don",5,2021-07-25
"enter",5,2021-07-25
"feeling",5,2021-07-25
"god",5,2021-07-25
"im",5,2021-07-25
"love",5,2021-07-25
"mad",5,2021-07-25
"male",5,2021-07-25
"nah",5,2021-07-25
"quick",5,2021-07-25
"scatter",5,2021-07-25
"talk",5,2021-07-25
"yousef",5,2021-07-25
"bbnaija",146,2021-07-25
"rt",115,2021-07-25
"white",29,2021-07-25
"money",26,2021-07-25
"whitemoney",23,2021-07-25
"boma",16,2021-07-25
"house",14,2021-07-25
"guy",12,2021-07-25
"season",11,2021-07-25
"dey",10,2021-07-25
"saga",10,2021-07-25
"laycon",9,2021-07-25
"yerins",8,2021-07-25
"bbnaijashineyaeye",7,2021-07-25
"housemate",7,2021-07-25
"housemates",7,2021-07-25
"watching",7,2021-07-25
"boys",6,2021-07-25
"girls",6,2021-07-25
"love",6,2021-07-25
"na",6,2021-07-25
"niyi",6,2021-07-25
"yousef",6,2021-07-25
"becky",5,2021-07-25
"cross",5,2021-07-25
"guys",5,2021-07-25
"im",5,2021-07-25
"ladies",5,2021-07-25
"office",5,2021-07-25
"stan",5,2021-07-25
"women",5,2021-07-25
"bbnaija",116,2021-07-25
"rt",109,2021-07-25
"whitemoney",19,2021-07-25
"money",17,2021-07-25
"white",14,2021-07-25
"house",11,2021-07-25
"yerins",10,2021-07-25
"guy",9,2021-07-25
"boma",8,2021-07-25
"brother",8,2021-07-25
"dey",8,2021-07-25
"guys",8,2021-07-25
"niyi",8,2021-07-25
"people",8,2021-07-25
"women",8,2021-07-25
"housemates",7,2021-07-25
"laycon",7,2021-07-25
"bbnaijashineyaeye",6,2021-07-25
"na",6,2021-07-25
"omo",6,2021-07-25
"season",6,2021-07-25
"wait",6,2021-07-25
"bbn",5,2021-07-25
"don",5,2021-07-25
"emmanuel",5,2021-07-25
"love",5,2021-07-25
"base",4,2021-07-25
"bbnaijaseason",4,2021-07-25
"boys",4,2021-07-25
"dont",4,2021-07-25
"girl",4,2021-07-25
"girls",4,2021-07-25
"im",4,2021-07-25
"naija",4,2021-07-25
"publicity",4,2021-07-25
"retweet",4,2021-07-25
"saga",4,2021-07-25
"titans",4,2021-07-25
"watch",4,2021-07-25
"yerin",4,2021-07-25
"yousef",4,2021-07-25
"bbnaija",120,2021-07-25
"rt",101,2021-07-25
"whitemoney",18,2021-07-25
"money",16,2021-07-25
"white",16,2021-07-25
"saga",11,2021-07-25
"tacha",10,2021-07-25
"emmanuel",9,2021-07-25
"house",9,2021-07-25
"biggie",8,2021-07-25
"bbnaijashineyaeye",7,2021-07-25
"guys",7,2021-07-25
"yousef",7,2021-07-25
"brother",6,2021-07-25
"dey",6,2021-07-25
"dont",6,2021-07-25
"niyi",6,2021-07-25
"time",6,2021-07-25
"bbn",5,2021-07-25
"laycon",5,2021-07-25
"na",5,2021-07-25
"office",5,2021-07-25
"sh",5,2021-07-25
"women",5,2021-07-25
"bbnaijaseason",4,2021-07-25
"boma",4,2021-07-25
"fit",4,2021-07-25
"housemates",4,2021-07-25
"season",4,2021-07-25
"tachas",4,2021-07-25
"watch",4,2021-07-25
"wey",4,2021-07-25
"bbnaija",98,2021-07-25
"rt",89,2021-07-25
"house",18,2021-07-25
"laycon",9,2021-07-25
"amp",8,2021-07-25
"boma",8,2021-07-25
"housemate",8,2021-07-25
"im",8,2021-07-25
"people",8,2021-07-25
"whitemoney",8,2021-07-25
"bbnaijashineyaeye",7,2021-07-25
"brother",7,2021-07-25
"god",7,2021-07-25
"guys",7,2021-07-25
"season",7,2021-07-25
"watch",7,2021-07-25
"white",7,2021-07-25
"biggie",6,2021-07-25
"dey",6,2021-07-25
"money",6,2021-07-25
"nigeria",6,2021-07-25
"niyi",6,2021-07-25
"yerins",6,2021-07-25
"yousef",6,2021-07-25
"bbnaijaseason",5,2021-07-25
"gistreel",5,2021-07-25
"guy",5,2021-07-25
"apple",4,2021-07-25
"bbn",4,2021-07-25
"cross",4,2021-07-25
"day",4,2021-07-25
"dont",4,2021-07-25
"saga",4,2021-07-25
"women",4,2021-07-25
"bbnaija",98,2021-07-25
"rt",89,2021-07-25
"house",18,2021-07-25
"laycon",9,2021-07-25
"amp",8,2021-07-25
"boma",8,2021-07-25
"housemate",8,2021-07-25
"im",8,2021-07-25
"people",8,2021-07-25
"whitemoney",8,2021-07-25
"bbnaijashineyaeye",7,2021-07-25
"brother",7,2021-07-25
"god",7,2021-07-25
"guys",7,2021-07-25
"season",7,2021-07-25
"watch",7,2021-07-25
"white",7,2021-07-25
"biggie",6,2021-07-25
"dey",6,2021-07-25
"money",6,2021-07-25
"nigeria",6,2021-07-25
"niyi",6,2021-07-25
"yerins",6,2021-07-25
"yousef",6,2021-07-25
"bbnaijaseason",5,2021-07-25
"gistreel",5,2021-07-25
"guy",5,2021-07-25
"apple",4,2021-07-25
"bbn",4,2021-07-25
"cross",4,2021-07-25
"day",4,2021-07-25
"dont",4,2021-07-25
"saga",4,2021-07-25
"women",4,2021-07-25
"bbnaija",113,2021-07-25
"rt",99,2021-07-25
"boma",14,2021-07-25
"emmanuel",11,2021-07-25
"guys",11,2021-07-25
"dey",10,2021-07-25
"white",10,2021-07-25
"whitemoney",10,2021-07-25
"guy",9,2021-07-25
"im",8,2021-07-25
"yerins",8,2021-07-25
"yousef",8,2021-07-25
"cross",7,2021-07-25
"day",7,2021-07-25
"love",7,2021-07-25
"money",7,2021-07-25
"niyi",7,2021-07-25
"saga",7,2021-07-25
"game",6,2021-07-25
"god",6,2021-07-25
"house",6,2021-07-25
"laycon",6,2021-07-25
"na",6,2021-07-25
"amp",5,2021-07-25
"cool",5,2021-07-25
"don",5,2021-07-25
"free",5,2021-07-25
"housemate",5,2021-07-25
"ooo",5,2021-07-25
"women",5,2021-07-25
"bbnaija",121,2021-07-25
"rt",93,2021-07-25
"money",20,2021-07-25
"white",19,2021-07-25
"pere",18,2021-07-25
"saga",16,2021-07-25
"whitemoney",13,2021-07-25
"dey",12,2021-07-25
"house",12,2021-07-25
"na",11,2021-07-25
"bbnaijaseason",9,2021-07-25
"don",8,2021-07-25
"guys",7,2021-07-25
"im",7,2021-07-25
"lagos",7,2021-07-25
"people",7,2021-07-25
"yousef",7,2021-07-25
"bbnaijashineyaeye",6,2021-07-25
"dont",6,2021-07-25
"enter",6,2021-07-25
"women",6,2021-07-25
"boma",5,2021-07-25
"cross",5,2021-07-25
"girl",5,2021-07-25
"laycon",5,2021-07-25
"love",5,2021-07-25
"teamwhitemoney",5,2021-07-25
"abeg",4,2021-07-25
"amchizzy",4,2021-07-25
"biggie",4,2021-07-25
"day",4,2021-07-25
"emmanuel",4,2021-07-25
"shoes",4,2021-07-25
"start",4,2021-07-25
"tacha",4,2021-07-25
"talk",4,2021-07-25
"talking",4,2021-07-25
"woman",4,2021-07-25
"rt",182,2021-07-25
"bbnaija",174,2021-07-25
"relnofollowtwitter",132,2021-07-25
"falsenanaa",113,2021-07-25
"hrefhttptwittercomdownloadandroid",78,2021-07-25
"hrefhttptwittercomdownloadiphone",41,2021-07-25
"bbnaijafalsena",37,2021-07-25
"whitemoney",34,2021-07-25
"money",32,2021-07-25
"boma",30,2021-07-25
"white",28,2021-07-25
"niyi",23,2021-07-25
"brother",21,2021-07-25
"yousef",19,2021-07-25
"truenanaa",18,2021-07-25
"house",17,2021-07-25
"bbnaijashineyaeye",15,2021-07-25
"pere",15,2021-07-25
"emmanuel",14,2021-07-25
"naija",14,2021-07-25
"hrefhttpsmobiletwittercom",13,2021-07-25
"web",13,2021-07-25
"guys",12,2021-07-25
"wife",12,2021-07-25
"bbnaijaseason",11,2021-07-25
"saga",11,2021-07-25
"watch",11,2021-07-25
"aggressively",10,2021-07-25
"housemates",10,2021-07-25
"vote",10,2021-07-25
"bbnaija",94,2021-07-25
"rt",87,2021-07-25
"house",15,2021-07-25
"money",10,2021-07-25
"niyi",10,2021-07-25
"whitemoney",10,2021-07-25
"dey",9,2021-07-25
"white",9,2021-07-25
"housemates",8,2021-07-25
"laycon",8,2021-07-25
"im",7,2021-07-25
"guys",6,2021-07-25
"housemate",6,2021-07-25
"women",6,2021-07-25
"boma",5,2021-07-25
"brother",5,2021-07-25
"watch",5,2021-07-25
"africa",4,2021-07-25
"bbn",4,2021-07-25
"bbnaijaseason",4,2021-07-25
"click",4,2021-07-25
"emmanuel",4,2021-07-25
"ladies",4,2021-07-25
"link",4,2021-07-25
"music",4,2021-07-25
"na",4,2021-07-25
"olympics",4,2021-07-25
"southafrica",4,2021-07-25
"start",4,2021-07-25
"yousef",4,2021-07-25
"bbnaija",106,2021-07-25
"rt",86,2021-07-25
"money",15,2021-07-25
"white",14,2021-07-25
"boxers",12,2021-07-25
"boma",11,2021-07-25
"yousef",11,2021-07-25
"guys",10,2021-07-25
"whitemoney",10,2021-07-25
"saga",8,2021-07-25
"dey",7,2021-07-25
"ladies",7,2021-07-25
"ebuka",6,2021-07-25
"erica",6,2021-07-25
"head",6,2021-07-25
"house",6,2021-07-25
"girls",5,2021-07-25
"hour",5,2021-07-25
"im",5,2021-07-25
"real",5,2021-07-25
"time",5,2021-07-25
"wearing",5,2021-07-25
"bbnaijaseason",4,2021-07-25
"biggie",4,2021-07-25
"brother",4,2021-07-25
"coming",4,2021-07-25
"don",4,2021-07-25
"dont",4,2021-07-25
"emmanuel",4,2021-07-25
"god",4,2021-07-25
"people",4,2021-07-25
"pls",4,2021-07-25
"season",4,2021-07-25
"wait",4,2021-07-25
"watch",4,2021-07-25
"women",4,2021-07-25
"yerins",4,2021-07-25
"bbnaija",138,2021-07-25
"rt",86,2021-07-25
"guys",16,2021-07-25
"ladies",14,2021-07-25
"yousef",13,2021-07-25
"boma",10,2021-07-25
"money",10,2021-07-25
"whitemoney",10,2021-07-25
"bbnaijaseason",8,2021-07-25
"boxers",8,2021-07-25
"dont",8,2021-07-25
"white",8,2021-07-25
"head",7,2021-07-25
"house",7,2021-07-25
"na",7,2021-07-25
"girls",6,2021-07-25
"guy",6,2021-07-25
"laycon",6,2021-07-25
"tonight",6,2021-07-25
"watch",6,2021-07-25
"wear",6,2021-07-25
"yerins",6,2021-07-25
"boys",5,2021-07-25
"god",5,2021-07-25
"pm",5,2021-07-25
"saga",5,2021-07-25
"brother",4,2021-07-25
"love",4,2021-07-25
"oo",4,2021-07-25
"people",4,2021-07-25
"ready",4,2021-07-25
"season",4,2021-07-25
"start",4,2021-07-25
"sunday",4,2021-07-25
"time",4,2021-07-25
"wait",4,2021-07-25
"women",4,2021-07-25
"bbnaija",234,2021-07-25
"rt",209,2021-07-25
"relnofollowtwitter",199,2021-07-25
"falsenanaa",184,2021-07-25
"hrefhttptwittercomdownloadiphone",99,2021-07-25
"hrefhttptwittercomdownloadandroid",98,2021-07-25
"bbnaijafalsena",61,2021-07-25
"money",44,2021-07-25
"white",44,2021-07-25
"guys",37,2021-07-25
"boxers",26,2021-07-25
"whitemoney",22,2021-07-25
"boma",21,2021-07-25
"girls",21,2021-07-25
"house",20,2021-07-25
"prank",20,2021-07-25
"ladies",19,2021-07-25
"yerins",19,2021-07-25
"lady",18,2021-07-25
"link",17,2021-07-25
"brother",16,2021-07-25
"guy",16,2021-07-25
"head",16,2021-07-25
"icons",16,2021-07-25
"intelligence",16,2021-07-25
"yericons",16,2021-07-25
"dey",15,2021-07-25
"enter",14,2021-07-25
"truenanaa",13,2021-07-25
"yousef",13,2021-07-25
"bbnaija",502,2021-07-25
"peace",235,2021-07-25
"angel",157,2021-07-25
"rt",146,2021-07-25
"na",32,2021-07-25
"house",26,2021-07-25
"peaceful",24,2021-07-25
"girls",23,2021-07-25
"dey",21,2021-07-25
"housemate",20,2021-07-25
"shes",19,2021-07-25
"female",18,2021-07-25
"age",17,2021-07-25
"girl",17,2021-07-25
"bbnaijashineyaeye",16,2021-07-25
"biggie",16,2021-07-25
"don",16,2021-07-25
"im",16,2021-07-25
"enter",15,2021-07-25
"love",15,2021-07-25
"cute",14,2021-07-25
"ladies",14,2021-07-25
"breast",12,2021-07-25
"brother",12,2021-07-25
"dont",12,2021-07-25
"guys",12,2021-07-25
"tattoos",12,2021-07-25
"ebuka",10,2021-07-25
"fallen",10,2021-07-25
"fine",10,2021-07-25
"bbnaija",631,2021-07-25
"rt",289,2021-07-25
"relnofollowtwitter",173,2021-07-25
"arin",172,2021-07-25
"falsenanaa",168,2021-07-25
"hrefhttptwittercomdownloadandroid",91,2021-07-25
"tega",90,2021-07-25
"bbnaijafalsena",85,2021-07-25
"ashewo",83,2021-07-25
"jackie",75,2021-07-25
"hrefhttptwittercomdownloadiphone",71,2021-07-25
"house",57,2021-07-25
"dey",52,2021-07-25
"ashawo",50,2021-07-25
"na",48,2021-07-25
"girls",39,2021-07-25
"prank",38,2021-07-25
"bbnaijashineyaeye",36,2021-07-25
"biggie",33,2021-07-25
"girl",33,2021-07-25
"guys",29,2021-07-25
"season",28,2021-07-25
"housemate",25,2021-07-25
"abeg",22,2021-07-25
"im",22,2021-07-25
"angel",21,2021-07-25
"enter",20,2021-07-25
"omo",20,2021-07-25
"boys",19,2021-07-25
"love",19,2021-07-25
"bbnaija",724,2021-07-25
"rt",540,2021-07-25
"relnofollowtwitter",529,2021-07-25
"falsenanaa",506,2021-07-25
"hrefhttptwittercomdownloadandroid",320,2021-07-25
"bbnaijafalsena",227,2021-07-25
"princess",225,2021-07-25
"hrefhttptwittercomdownloadiphone",198,2021-07-25
"liquorose",144,2021-07-25
"maria",118,2021-07-25
"na",67,2021-07-25
"season",59,2021-07-25
"lucy",57,2021-07-25
"taxi",57,2021-07-25
"bbnaijashineyaeye",52,2021-07-25
"house",52,2021-07-25
"driver",51,2021-07-25
"housemate",48,2021-07-25
"shes",48,2021-07-25
"girls",42,2021-07-25
"beatrice",40,2021-07-25
"im",40,2021-07-25
"dey",38,2021-07-25
"meet",36,2021-07-25
"don",31,2021-07-25
"guys",31,2021-07-25
"jackie",30,2021-07-25
"yousef",29,2021-07-25
"enter",27,2021-07-25
"arin",26,2021-07-25
"piercings",26,2021-07-25
"bbnaija",519,2021-07-25
"rt",254,2021-07-25
"saskay",101,2021-07-25
"maria",71,2021-07-25
"house",59,2021-07-25
"liquorose",48,2021-07-25
"cry",29,2021-07-25
"housemate",28,2021-07-25
"dey",27,2021-07-25
"girls",24,2021-07-25
"bbnaijashineyaeye",22,2021-07-25
"female",22,2021-07-25
"na",22,2021-07-25
"prank",21,2021-07-25
"season",21,2021-07-25
"jackie",19,2021-07-25
"ladies",18,2021-07-25
"beautiful",17,2021-07-25
"angel",16,2021-07-25
"bbn",16,2021-07-25
"adamawa",15,2021-07-25
"don",15,2021-07-25
"meet",15,2021-07-25
"retweet",15,2021-07-25
"yousef",15,2021-07-25
"babe",14,2021-07-25
"bbnaijaseason",14,2021-07-25
"brother",14,2021-07-25
"dont",14,2021-07-25
"guys",14,2021-07-25
"bbnaija",474,2021-07-25
"rt",289,2021-07-25
"relnofollowtwitter",177,2021-07-25
"falsenanaa",171,2021-07-25
"bbnaijafalsena",117,2021-07-25
"hrefhttptwittercomdownloadandroid",96,2021-07-25
"wild",93,2021-07-25
"maria",78,2021-07-25
"liquorose",70,2021-07-25
"hrefhttptwittercomdownloadiphone",68,2021-07-25
"na",55,2021-07-25
"house",52,2021-07-25
"biggie",47,2021-07-25
"wildcards",42,2021-07-25
"cards",41,2021-07-25
"card",38,2021-07-25
"housemates",35,2021-07-25
"boma",32,2021-07-25
"wildcard",30,2021-07-25
"housemate",25,2021-07-25
"don",24,2021-07-25
"bbnaijashineyaeye",23,2021-07-25
"yousef",22,2021-07-25
"im",21,2021-07-25
"brother",20,2021-07-25
"jackie",20,2021-07-25
"season",20,2021-07-25
"dey",19,2021-07-25
"girls",19,2021-07-25
"babe",18,2021-07-25
"nini",18,2021-07-25
"bbnaija",452,2021-07-25
"rt",317,2021-07-25
"relnofollowtwitter",125,2021-07-25
"falsenanaa",123,2021-07-25
"maria",84,2021-07-25
"hrefhttptwittercomdownloadandroid",63,2021-07-25
"hrefhttptwittercomdownloadiphone",60,2021-07-25
"liquorose",51,2021-07-25
"bbnaijafalsena",44,2021-07-25
"house",44,2021-07-25
"tega",44,2021-07-25
"jackie",34,2021-07-25
"na",33,2021-07-25
"saga",32,2021-07-25
"angel",29,2021-07-25
"nini",29,2021-07-25
"yousef",29,2021-07-25
"dey",28,2021-07-25
"don",23,2021-07-25
"im",22,2021-07-25
"people",22,2021-07-25
"boma",21,2021-07-25
"dont",19,2021-07-25
"girl",19,2021-07-25
"money",19,2021-07-25
"bbnaijashineyaeye",18,2021-07-25
"ladies",18,2021-07-25
"teeth",18,2021-07-25
"love",17,2021-07-25
"brown",16,2021-07-25
"follow",16,2021-07-25
"girls",16,2021-07-25
"season",16,2021-07-25
"rt",528,2021-07-25
"relnofollowtwitter",499,2021-07-25
"bbnaija",488,2021-07-25
"falsenanaa",477,2021-07-25
"hrefhttptwittercomdownloadandroid",287,2021-07-25
"hrefhttptwittercomdownloadiphone",189,2021-07-25
"bbnaijafalsena",141,2021-07-25
"maria",105,2021-07-25
"liquorose",83,2021-07-25
"jackie",61,2021-07-25
"dey",45,2021-07-25
"retweet",40,2021-07-25
"stan",38,2021-07-25
"money",37,2021-07-25
"white",35,2021-07-25
"follow",33,2021-07-25
"na",33,2021-07-25
"house",31,2021-07-25
"teeth",31,2021-07-25
"angel",30,2021-07-25
"biggie",28,2021-07-25
"brown",28,2021-07-25
"alexhouseof",27,2021-07-25
"bbnaijashineyaeye",27,2021-07-25
"datchuguy",27,2021-07-25
"whitemoney",24,2021-07-25
"brother",23,2021-07-25
"hrefhttpsmobiletwittercom",23,2021-07-25
"web",23,2021-07-25
"evict",22,2021-07-25
"saskay",22,2021-07-25
"bbnaija",285,2021-07-25
"rt",195,2021-07-25
"maria",69,2021-07-25
"liquorose",31,2021-07-25
"money",23,2021-07-25
"white",23,2021-07-25
"dey",22,2021-07-25
"house",20,2021-07-25
"follow",17,2021-07-25
"love",16,2021-07-25
"bbnaijashineyaeye",14,2021-07-25
"angel",13,2021-07-25
"nini",13,2021-07-25
"season",13,2021-07-25
"whitemoney",13,2021-07-25
"girl",12,2021-07-25
"im",12,2021-07-25
"jackie",12,2021-07-25
"na",12,2021-07-25
"bbn",11,2021-07-25
"female",11,2021-07-25
"retweet",11,2021-07-25
"stan",11,2021-07-25
"babe",10,2021-07-25
"brother",10,2021-07-25
"don",10,2021-07-25
"erica",9,2021-07-25
"housemates",9,2021-07-25
"arin",8,2021-07-25
"dont",8,2021-07-25
"fine",8,2021-07-25
"guys",8,2021-07-25
"housemate",8,2021-07-25
"laycon",8,2021-07-25
"time",8,2021-07-25
"whos",8,2021-07-25
"yousef",8,2021-07-25
"rt",532,2021-07-25
"bbnaija",515,2021-07-25
"relnofollowtwitter",451,2021-07-25
"falsenanaa",436,2021-07-25
"hrefhttptwittercomdownloadandroid",252,2021-07-25
"hrefhttptwittercomdownloadiphone",183,2021-07-25
"maria",142,2021-07-25
"bbnaijafalsena",123,2021-07-25
"liquorose",97,2021-07-25
"jackie",35,2021-07-25
"dey",30,2021-07-25
"nini",30,2021-07-25
"beauty",29,2021-07-25
"brother",27,2021-07-25
"guys",26,2021-07-25
"money",26,2021-07-25
"people",26,2021-07-25
"season",26,2021-07-25
"biggie",25,2021-07-25
"im",25,2021-07-25
"retweet",25,2021-07-25
"alexhouseof",24,2021-07-25
"nengi",24,2021-07-25
"httpstcowfswmwbfalsena",23,2021-07-25
"white",23,2021-07-25
"ashewo",22,2021-07-25
"house",22,2021-07-25
"wont",22,2021-07-25
"bbnaijashineyaeye",20,2021-07-25
"laycon",20,2021-07-25
"mariachike",20,2021-07-25
"saskay",20,2021-07-25
"bbnaija",265,2021-07-25
"rt",188,2021-07-25
"maria",51,2021-07-25
"liquorose",45,2021-07-25
"nini",25,2021-07-25
"white",25,2021-07-25
"money",24,2021-07-25
"house",23,2021-07-25
"dey",20,2021-07-25
"whitemoney",19,2021-07-25
"cross",16,2021-07-25
"girl",16,2021-07-25
"bbnaijaseason",14,2021-07-25
"people",14,2021-07-25
"bbnaijashineyaeye",13,2021-07-25
"dont",13,2021-07-25
"angel",12,2021-07-25
"jackie",12,2021-07-25
"don",11,2021-07-25
"food",11,2021-07-25
"season",11,2021-07-25
"girls",10,2021-07-25
"retweet",10,2021-07-25
"follow",9,2021-07-25
"nengi",9,2021-07-25
"saskay",9,2021-07-25
"time",9,2021-07-25
"arin",8,2021-07-25
"brother",8,2021-07-25
"guys",8,2021-07-25
"bbnaija",265,2021-07-25
"rt",188,2021-07-25
"maria",51,2021-07-25
"liquorose",45,2021-07-25
"nini",25,2021-07-25
"white",25,2021-07-25
"money",24,2021-07-25
"house",23,2021-07-25
"dey",20,2021-07-25
"whitemoney",19,2021-07-25
"cross",16,2021-07-25
"girl",16,2021-07-25
"bbnaijaseason",14,2021-07-25
"people",14,2021-07-25
"bbnaijashineyaeye",13,2021-07-25
"dont",13,2021-07-25
"angel",12,2021-07-25
"jackie",12,2021-07-25
"don",11,2021-07-25
"food",11,2021-07-25
"season",11,2021-07-25
"girls",10,2021-07-25
"retweet",10,2021-07-25
"follow",9,2021-07-25
"nengi",9,2021-07-25
"saskay",9,2021-07-25
"time",9,2021-07-25
"arin",8,2021-07-25
"brother",8,2021-07-25
"guys",8,2021-07-25
"bbnaija",256,2021-07-25
"rt",162,2021-07-25
"maria",53,2021-07-25
"nini",50,2021-07-25
"relationship",25,2021-07-25
"brother",24,2021-07-25
"follow",21,2021-07-25
"money",21,2021-07-25
"white",21,2021-07-25
"liquorose",20,2021-07-25
"dey",19,2021-07-25
"im",18,2021-07-25
"don",17,2021-07-25
"house",17,2021-07-25
"whitemoney",16,2021-07-25
"love",13,2021-07-25
"pls",13,2021-07-25
"season",12,2021-07-25
"cross",11,2021-07-25
"girl",10,2021-07-25
"na",10,2021-07-25
"bbnaijaseason",9,2021-07-25
"bbnaijashineyaeye",9,2021-07-25
"dont",9,2021-07-25
"guys",9,2021-07-25
"jackie",9,2021-07-25
"mazi",9,2021-07-25
"shes",9,2021-07-25
"babe",8,2021-07-25
"grow",8,2021-07-25
"line",8,2021-07-25
"people",8,2021-07-25
"single",8,2021-07-25
"bbnaija",435,2021-07-25
"rt",384,2021-07-25
"relnofollowtwitter",375,2021-07-25
"falsenanaa",365,2021-07-25
"hrefhttptwittercomdownloadandroid",184,2021-07-25
"hrefhttptwittercomdownloadiphone",172,2021-07-25
"bbnaijafalsena",171,2021-07-25
"saskay",119,2021-07-25
"liquorose",66,2021-07-25
"maria",66,2021-07-25
"im",61,2021-07-25
"dey",52,2021-07-25
"tega",52,2021-07-25
"house",43,2021-07-25
"love",40,2021-07-25
"vibe",35,2021-07-25
"boyfriend",31,2021-07-25
"relationship",29,2021-07-25
"saskays",26,2021-07-25
"person",23,2021-07-25
"whitemoney",23,2021-07-25
"wey",22,2021-07-25
"dont",20,2021-07-25
"gistloversblog",20,2021-07-25
"na",20,2021-07-25
"housemates",19,2021-07-25
"bye",18,2021-07-25
"don",18,2021-07-25
"beautiful",17,2021-07-25
"hrefhttpsmobiletwittercom",17,2021-07-25
"stan",17,2021-07-25
"web",17,2021-07-25
"bbnaija",435,2021-07-25
"rt",384,2021-07-25
"relnofollowtwitter",375,2021-07-25
"falsenanaa",365,2021-07-25
"hrefhttptwittercomdownloadandroid",184,2021-07-25
"hrefhttptwittercomdownloadiphone",172,2021-07-25
"bbnaijafalsena",171,2021-07-25
"saskay",119,2021-07-25
"liquorose",66,2021-07-25
"maria",66,2021-07-25
"im",61,2021-07-25
"dey",52,2021-07-25
"tega",52,2021-07-25
"house",43,2021-07-25
"love",40,2021-07-25
"vibe",35,2021-07-25
"boyfriend",31,2021-07-25
"relationship",29,2021-07-25
"saskays",26,2021-07-25
"person",23,2021-07-25
"whitemoney",23,2021-07-25
"wey",22,2021-07-25
"dont",20,2021-07-25
"gistloversblog",20,2021-07-25
"na",20,2021-07-25
"housemates",19,2021-07-25
"bye",18,2021-07-25
"don",18,2021-07-25
"beautiful",17,2021-07-25
"hrefhttpsmobiletwittercom",17,2021-07-25
"stan",17,2021-07-25
"web",17,2021-07-25
"bbnaija",323,2021-07-25
"rt",261,2021-07-25
"relnofollowtwitter",210,2021-07-25
"falsenanaa",195,2021-07-25
"hrefhttptwittercomdownloadandroid",120,2021-07-25
"jackie",102,2021-07-25
"bbnaijafalsena",81,2021-07-25
"hrefhttptwittercomdownloadiphone",70,2021-07-25
"maria",44,2021-07-25
"house",32,2021-07-25
"love",31,2021-07-25
"angel",29,2021-07-25
"liquorose",28,2021-07-25
"im",26,2021-07-25
"saskay",22,2021-07-25
"hrefhttpsmobiletwittercom",20,2021-07-25
"web",20,2021-07-25
"dey",19,2021-07-25
"retweet",18,2021-07-25
"fashion",16,2021-07-25
"bbnaijaseason",15,2021-07-25
"niyi",15,2021-07-25
"omo",15,2021-07-25
"shes",15,2021-07-25
"truenanaa",15,2021-07-25
"bbn",14,2021-07-25
"biggie",14,2021-07-25
"boma",14,2021-07-25
"ass",12,2021-07-25
"dont",12,2021-07-25
"women",12,2021-07-25
"bbnaija",374,2021-07-25
"rt",264,2021-07-25
"maria",233,2021-07-25
"relnofollowtwitter",191,2021-07-25
"falsenanaa",186,2021-07-25
"bbnaijafalsena",96,2021-07-25
"hrefhttptwittercomdownloadiphone",95,2021-07-25
"hrefhttptwittercomdownloadandroid",84,2021-07-25
"people",39,2021-07-25
"love",32,2021-07-25
"liquorose",31,2021-07-25
"dey",30,2021-07-25
"talk",26,2021-07-25
"abeg",24,2021-07-25
"don",24,2021-07-25
"im",23,2021-07-25
"na",23,2021-07-25
"person",22,2021-07-25
"story",22,2021-07-25
"house",19,2021-07-25
"accent",18,2021-07-25
"shes",18,2021-07-25
"girl",17,2021-07-25
"angel",16,2021-07-25
"girls",16,2021-07-25
"housemates",16,2021-07-25
"boring",15,2021-07-25
"sha",15,2021-07-25
"bbnaijaseason",14,2021-07-25
"niyi",14,2021-07-25
"bbnaija",269,2021-07-25
"rt",230,2021-07-25
"relnofollowtwitter",97,2021-07-25
"falsenanaa",92,2021-07-25
"maria",72,2021-07-25
"hrefhttptwittercomdownloadandroid",56,2021-07-25
"cross",51,2021-07-25
"bbnaijafalsena",34,2021-07-25
"hrefhttptwittercomdownloadiphone",34,2021-07-25
"angel",24,2021-07-25
"dey",24,2021-07-25
"im",24,2021-07-25
"don",23,2021-07-25
"jackie",19,2021-07-25
"house",17,2021-07-25
"na",17,2021-07-25
"people",16,2021-07-25
"whitemoney",15,2021-07-25
"arin",14,2021-07-25
"accent",13,2021-07-25
"abeg",12,2021-07-25
"dont",12,2021-07-25
"drunk",12,2021-07-25
"liquorose",12,2021-07-25
"money",12,2021-07-25
"ready",11,2021-07-25
"white",11,2021-07-25
"love",10,2021-07-25
"shes",10,2021-07-25
"single",10,2021-07-25
"talk",10,2021-07-25
"talking",10,2021-07-25
"bbnaija",338,2021-07-26
"relnofollowtwitter",333,2021-07-26
"falsenanaa",315,2021-07-26
"rt",234,2021-07-26
"hrefhttptwittercomdownloadandroid",178,2021-07-26
"bbnaijafalsena",163,2021-07-26
"hrefhttptwittercomdownloadiphone",118,2021-07-26
"whitemoney",108,2021-07-26
"white",97,2021-07-26
"money",96,2021-07-26
"maria",84,2021-07-26
"im",45,2021-07-26
"dey",37,2021-07-26
"hrefhttpsmobiletwittercom",37,2021-07-26
"web",37,2021-07-26
"liquorose",31,2021-07-26
"na",29,2021-07-26
"boma",26,2021-07-26
"sha",24,2021-07-26
"housemate",23,2021-07-26
"girls",21,2021-07-26
"cross",20,2021-07-26
"fans",20,2021-07-26
"guy",19,2021-07-26
"yousef",19,2021-07-26
"bbnaijashineyaeye",18,2021-07-26
"girl",18,2021-07-26
"house",18,2021-07-26
"angel",17,2021-07-26
"pere",17,2021-07-26
"bbnaija",143,2021-07-26
"rt",72,2021-07-26
"boma",38,2021-07-26
"maria",29,2021-07-26
"suit",24,2021-07-26
"whitemoney",24,2021-07-26
"liquorose",14,2021-07-26
"money",14,2021-07-26
"na",14,2021-07-26
"dey",13,2021-07-26
"sleep",13,2021-07-26
"white",13,2021-07-26
"biggie",11,2021-07-26
"bbnaijashineyaeye",9,2021-07-26
"follow",8,2021-07-26
"bed",7,2021-07-26
"house",7,2021-07-26
"love",7,2021-07-26
"guy",6,2021-07-26
"las",6,2021-07-26
"yall",6,2021-07-26
"don",5,2021-07-26
"pere",5,2021-07-26
"vibe",5,2021-07-26
"girl",4,2021-07-26
"im",4,2021-07-26
"jackie",4,2021-07-26
"oo",4,2021-07-26
"sha",4,2021-07-26
"wear",4,2021-07-26
"wetin",4,2021-07-26
"bbnaija",91,2021-07-26
"rt",74,2021-07-26
"dey",18,2021-07-26
"liquorose",15,2021-07-26
"maria",14,2021-07-26
"retweet",13,2021-07-26
"money",9,2021-07-26
"na",9,2021-07-26
"white",9,2021-07-26
"follow",7,2021-07-26
"whitemoney",7,2021-07-26
"bbnaijashineyaeye",6,2021-07-26
"explorenaija",6,2021-07-26
"handle",6,2021-07-26
"house",6,2021-07-26
"likes",6,2021-07-26
"season",6,2021-07-26
"accounts",5,2021-07-26
"biggie",5,2021-07-26
"boma",5,2021-07-26
"comments",5,2021-07-26
"cross",5,2021-07-26
"drop",5,2021-07-26
"girl",5,2021-07-26
"marriage",5,2021-07-26
"niyi",5,2021-07-26
"arin",4,2021-07-26
"babe",4,2021-07-26
"dady",4,2021-07-26
"dont",4,2021-07-26
"enter",4,2021-07-26
"game",4,2021-07-26
"kayode",4,2021-07-26
"love",4,2021-07-26
"people",4,2021-07-26
"post",4,2021-07-26
"sleep",4,2021-07-26
"wetin",4,2021-07-26
"bbnaija",96,2021-07-26
"rt",65,2021-07-26
"princess",25,2021-07-26
"bed",12,2021-07-26
"maria",11,2021-07-26
"na",11,2021-07-26
"dey",9,2021-07-26
"liquorose",9,2021-07-26
"house",7,2021-07-26
"share",6,2021-07-26
"dont",5,2021-07-26
"jackie",5,2021-07-26
"white",5,2021-07-26
"babe",4,2021-07-26
"don",4,2021-07-26
"enter",4,2021-07-26
"fight",4,2021-07-26
"love",4,2021-07-26
"meet",4,2021-07-26
"money",4,2021-07-26
"person",4,2021-07-26
"wey",4,2021-07-26
"wont",4,2021-07-26
"biggie",3,2021-07-26
"boma",3,2021-07-26
"brother",3,2021-07-26
"guy",3,2021-07-26
"hard",3,2021-07-26
"harrisonjnior",3,2021-07-26
"heaven",3,2021-07-26
"lucy",3,2021-07-26
"mariachike",3,2021-07-26
"song",3,2021-07-26
"talk",3,2021-07-26
"time",3,2021-07-26
"una",3,2021-07-26
"wahala",3,2021-07-26
"wan",3,2021-07-26
"watch",3,2021-07-26
"women",3,2021-07-26
"yousef",3,2021-07-26
"bbnaija",99,2021-07-26
"rt",64,2021-07-26
"princess",17,2021-07-26
"dey",14,2021-07-26
"maria",11,2021-07-26
"bed",10,2021-07-26
"na",10,2021-07-26
"beatrice",9,2021-07-26
"don",8,2021-07-26
"house",8,2021-07-26
"im",8,2021-07-26
"liquorose",7,2021-07-26
"love",7,2021-07-26
"brother",6,2021-07-26
"money",6,2021-07-26
"girl",5,2021-07-26
"white",5,2021-07-26
"whitemoney",5,2021-07-26
"bbnaijashineyaeyes",4,2021-07-26
"biggie",4,2021-07-26
"enter",4,2021-07-26
"jackie",4,2021-07-26
"niyi",4,2021-07-26
"sha",4,2021-07-26
"angel",3,2021-07-26
"arin",3,2021-07-26
"artist",3,2021-07-26
"bluhouze",3,2021-07-26
"cross",3,2021-07-26
"follow",3,2021-07-26
"game",3,2021-07-26
"girls",3,2021-07-26
"guy",3,2021-07-26
"hear",3,2021-07-26
"hes",3,2021-07-26
"issue",3,2021-07-26
"link",3,2021-07-26
"lol",3,2021-07-26
"maziibe",3,2021-07-26
"meet",3,2021-07-26
"morning",3,2021-07-26
"night",3,2021-07-26
"people",3,2021-07-26
"sleep",3,2021-07-26
"song",3,2021-07-26
"stan",3,2021-07-26
"talk",3,2021-07-26
"team",3,2021-07-26
"una",3,2021-07-26
"utilolo",3,2021-07-26
"wont",3,2021-07-26
"yousef",3,2021-07-26
"rt",88,2021-07-26
"bbnaija",79,2021-07-26
"falsenanaa",32,2021-07-26
"relnofollowtwitter",32,2021-07-26
"hrefhttptwittercomdownloadandroid",16,2021-07-26
"maria",15,2021-07-26
"hrefhttptwittercomdownloadiphone",14,2021-07-26
"dey",12,2021-07-26
"im",12,2021-07-26
"bbnaijafalsena",8,2021-07-26
"house",8,2021-07-26
"liquorose",7,2021-07-26
"money",7,2021-07-26
"biggie",6,2021-07-26
"na",6,2021-07-26
"amp",5,2021-07-26
"bbnaijaseason",5,2021-07-26
"girl",5,2021-07-26
"gistloversblog",5,2021-07-26
"retweet",5,2021-07-26
"alexhouseof",4,2021-07-26
"analysis",4,2021-07-26
"androidafinnadkingtruefalsenana",4,2021-07-26
"angel",4,2021-07-26
"cancer",4,2021-07-26
"choose",4,2021-07-26
"housemate",4,2021-07-26
"imo",4,2021-07-26
"jackie",4,2021-07-26
"laycon",4,2021-07-26
"line",4,2021-07-26
"love",4,2021-07-26
"morning",4,2021-07-26
"nigeria",4,2021-07-26
"prank",4,2021-07-26
"pulsenigeria",4,2021-07-26
"real",4,2021-07-26
"saga",4,2021-07-26
"season",4,2021-07-26
"stan",4,2021-07-26
"start",4,2021-07-26
"white",4,2021-07-26
"yousef",4,2021-07-26
"rt",86,2021-07-26
"bbnaija",78,2021-07-26
"maria",21,2021-07-26
"dey",8,2021-07-26
"love",7,2021-07-26
"liquorose",6,2021-07-26
"white",6,2021-07-26
"angel",5,2021-07-26
"emmanuel",5,2021-07-26
"girl",5,2021-07-26
"money",5,2021-07-26
"na",5,2021-07-26
"whitemoney",5,2021-07-26
"guys",4,2021-07-26
"morning",4,2021-07-26
"real",4,2021-07-26
"sh",4,2021-07-26
"court",3,2021-07-26
"dont",3,2021-07-26
"ehh",3,2021-07-26
"fashion",3,2021-07-26
"follow",3,2021-07-26
"jackie",3,2021-07-26
"kes",3,2021-07-26
"line",3,2021-07-26
"mariachike",3,2021-07-26
"nigeria",3,2021-07-26
"night",3,2021-07-26
"nini",3,2021-07-26
"people",3,2021-07-26
"price",3,2021-07-26
"questions",3,2021-07-26
"stores",3,2021-07-26
"vibe",3,2021-07-26
"vibes",3,2021-07-26
"whatsapp",3,2021-07-26
"rt",94,2021-07-26
"bbnaija",79,2021-07-26
"maria",14,2021-07-26
"liquorose",12,2021-07-26
"im",10,2021-07-26
"biggie",7,2021-07-26
"house",6,2021-07-26
"tacha",6,2021-07-26
"brother",5,2021-07-26
"dont",5,2021-07-26
"love",5,2021-07-26
"money",5,2021-07-26
"whitemoney",5,2021-07-26
"alexhouseof",4,2021-07-26
"angel",4,2021-07-26
"babe",4,2021-07-26
"cruise",4,2021-07-26
"dey",4,2021-07-26
"fashion",4,2021-07-26
"fav",4,2021-07-26
"girl",4,2021-07-26
"na",4,2021-07-26
"watching",4,2021-07-26
"white",4,2021-07-26
"ad",3,2021-07-26
"arin",3,2021-07-26
"ashewo",3,2021-07-26
"baby",3,2021-07-26
"bbnaijaseason",3,2021-07-26
"erica",3,2021-07-26
"girls",3,2021-07-26
"gistloversblog",3,2021-07-26
"guys",3,2021-07-26
"housemate",3,2021-07-26
"housemates",3,2021-07-26
"isnt",3,2021-07-26
"jackie",3,2021-07-26
"lady",3,2021-07-26
"line",3,2021-07-26
"meet",3,2021-07-26
"nigerians",3,2021-07-26
"retweet",3,2021-07-26
"saskay",3,2021-07-26
"true",3,2021-07-26
"tweet",3,2021-07-26
"world",3,2021-07-26
"rt",114,2021-07-26
"bbnaija",95,2021-07-26
"maria",25,2021-07-26
"whitemoney",16,2021-07-26
"liquorose",12,2021-07-26
"im",11,2021-07-26
"dey",8,2021-07-26
"girl",8,2021-07-26
"brother",6,2021-07-26
"cancer",6,2021-07-26
"ladies",6,2021-07-26
"love",6,2021-07-26
"season",6,2021-07-26
"angel",5,2021-07-26
"biggie",5,2021-07-26
"cross",5,2021-07-26
"emmanuel",5,2021-07-26
"guys",5,2021-07-26
"seyi",5,2021-07-26
"don",4,2021-07-26
"enter",4,2021-07-26
"guy",4,2021-07-26
"jackie",4,2021-07-26
"las",4,2021-07-26
"line",4,2021-07-26
"niyi",4,2021-07-26
"people",4,2021-07-26
"sha",4,2021-07-26
"whatsapp",4,2021-07-26
"white",4,2021-07-26
"yousef",4,2021-07-26
"rt",107,2021-07-26
"bbnaija",96,2021-07-26
"maria",18,2021-07-26
"liquorose",16,2021-07-26
"brother",10,2021-07-26
"dey",9,2021-07-26
"girl",7,2021-07-26
"housemate",7,2021-07-26
"laycon",6,2021-07-26
"na",6,2021-07-26
"whitemoney",6,2021-07-26
"boma",5,2021-07-26
"im",5,2021-07-26
"jackie",5,2021-07-26
"tega",5,2021-07-26
"yousef",5,2021-07-26
"angel",4,2021-07-26
"favorite",4,2021-07-26
"girls",4,2021-07-26
"gistreel",4,2021-07-26
"house",4,2021-07-26
"love",4,2021-07-26
"retweet",4,2021-07-26
"thechallenge",4,2021-07-26
"abeg",3,2021-07-26
"bbnaijashineyaeye",3,2021-07-26
"beautiful",3,2021-07-26
"content",3,2021-07-26
"court",3,2021-07-26
"dont",3,2021-07-26
"enter",3,2021-07-26
"fans",3,2021-07-26
"fashion",3,2021-07-26
"guys",3,2021-07-26
"home",3,2021-07-26
"https",3,2021-07-26
"line",3,2021-07-26
"mariachike",3,2021-07-26
"money",3,2021-07-26
"naija",3,2021-07-26
"newtonprime",3,2021-07-26
"nigeria",3,2021-07-26
"night",3,2021-07-26
"person",3,2021-07-26
"saskay",3,2021-07-26
"season",3,2021-07-26
"sha",3,2021-07-26
"stan",3,2021-07-26
"symplytacha",3,2021-07-26
"tacha",3,2021-07-26
"tachatitans",3,2021-07-26
"time",3,2021-07-26
"times",3,2021-07-26
"vibes",3,2021-07-26
"wetitans",3,2021-07-26
"wey",3,2021-07-26
"white",3,2021-07-26
"bbnaija",100,2021-07-26
"rt",94,2021-07-26
"maria",18,2021-07-26
"liquorose",10,2021-07-26
"na",9,2021-07-26
"dey",7,2021-07-26
"house",7,2021-07-26
"nengi",7,2021-07-26
"biggie",6,2021-07-26
"emmanuel",6,2021-07-26
"team",6,2021-07-26
"demoofuk",5,2021-07-26
"girl",5,2021-07-26
"nigeria",5,2021-07-26
"yousef",5,2021-07-26
"brother",4,2021-07-26
"fit",4,2021-07-26
"guys",4,2021-07-26
"httpstcoduvsebds",4,2021-07-26
"join",4,2021-07-26
"person",4,2021-07-26
"wey",4,2021-07-26
"whitemoney",4,2021-07-26
"alexhouseof",3,2021-07-26
"angel",3,2021-07-26
"arin",3,2021-07-26
"bbnaijaseason",3,2021-07-26
"beautiful",3,2021-07-26
"bigbrothernaija",3,2021-07-26
"court",3,2021-07-26
"don",3,2021-07-26
"dont",3,2021-07-26
"endsars",3,2021-07-26
"enter",3,2021-07-26
"erica",3,2021-07-26
"fine",3,2021-07-26
"follow",3,2021-07-26
"housemate",3,2021-07-26
"housemates",3,2021-07-26
"jackie",3,2021-07-26
"laycon",3,2021-07-26
"morning",3,2021-07-26
"pls",3,2021-07-26
"sammielord",3,2021-07-26
"someones",3,2021-07-26
"workout",3,2021-07-26
"world",3,2021-07-26
